ore_ont_9805.owl,TRUE
ore_ont_2936.owl,TRUE
ore_ont_11949.owl,TRUE
ore_ont_8662.owl,TRUE
ore_ont_15971.owl,TRUE
ore_ont_8937.owl,TRUE
ore_ont_580.owl,TRUE
ore_ont_9509.owl,TRUE
ore_ont_7839.owl,TRUE
ore_ont_10309.owl,TRUE
ore_ont_13503.owl,TRUE
ore_ont_480.owl,TRUE
ore_ont_14746.owl,TRUE
ore_ont_15331.owl,TRUE
ore_ont_1420.owl,TRUE
ore_ont_1526.owl,TRUE
ore_ont_4856.owl,TRUE
ore_ont_2485.owl,TRUE
ore_ont_5107.owl,TRUE
ore_ont_7639.owl,TRUE
ore_ont_13429.owl,TRUE
ore_ont_9854.owl,TRUE
ore_ont_15167.owl,TRUE
ore_ont_13306.owl,TRUE
ore_ont_5292.owl,TRUE
ore_ont_5255.owl,TRUE
ore_ont_8667.owl,TRUE
ore_ont_8974.owl,TRUE
ore_ont_3330.owl,TRUE
ore_ont_15399.owl,TRUE
ore_ont_1967.owl,TRUE
ore_ont_5852.owl,TRUE
ore_ont_10174.owl,TRUE
ore_ont_13392.owl,TRUE
ore_ont_3671.owl,TRUE
ore_ont_3909.owl,TRUE
ore_ont_2036.owl,TRUE
ore_ont_508.owl,TRUE
ore_ont_9867.owl,TRUE
ore_ont_16351.owl,TRUE
ore_ont_12957.owl,TRUE
ore_ont_15318.owl,TRUE
ore_ont_6635.owl,TRUE
ore_ont_16850.owl,TRUE
ore_ont_4106.owl,TRUE
ore_ont_2038.owl,TRUE
ore_ont_3842.owl,TRUE
ore_ont_9709.owl,TRUE
ore_ont_13204.owl,TRUE
ore_ont_10321.owl,TRUE
ore_ont_12360.owl,TRUE
ore_ont_5646.owl,TRUE
ore_ont_13277.owl,TRUE
ore_ont_9600.owl,TRUE
ore_ont_3341.owl,TRUE
ore_ont_8169.owl,TRUE
ore_ont_14931.owl,TRUE
ore_ont_6461.owl,TRUE
ore_ont_10019.owl,TRUE
ore_ont_14128.owl,TRUE
ore_ont_8128.owl,TRUE
ore_ont_15667.owl,TRUE
ore_ont_4855.owl,TRUE
ore_ont_7482.owl,TRUE
ore_ont_16076.owl,TRUE
ore_ont_7270.owl,TRUE
ore_ont_14328.owl,TRUE
ore_ont_16461.owl,TRUE
ore_ont_15800.owl,TRUE
ore_ont_9635.owl,TRUE
ore_ont_13018.owl,TRUE
ore_ont_16167.owl,TRUE
ore_ont_11834.owl,TRUE
ore_ont_9422.owl,TRUE
ore_ont_1222.owl,TRUE
ore_ont_13643.owl,TRUE
ore_ont_15210.owl,TRUE
ore_ont_11357.owl,TRUE
ore_ont_13483.owl,FALSE
ore_ont_8047.owl,TRUE
ore_ont_9994.owl,TRUE
ore_ont_1618.owl,TRUE
ore_ont_7464.owl,TRUE
ore_ont_6735.owl,TRUE
ore_ont_10176.owl,TRUE
ore_ont_15229.owl,TRUE
ore_ont_12101.owl,TRUE
ore_ont_14486.owl,TRUE
ore_ont_8094.owl,TRUE
ore_ont_714.owl,TRUE
ore_ont_10264.owl,TRUE
ore_ont_13737.owl,TRUE
ore_ont_5696.owl,TRUE
ore_ont_3806.owl,TRUE
ore_ont_3504.owl,TRUE
ore_ont_2652.owl,TRUE
ore_ont_2654.owl,TRUE
ore_ont_3250.owl,TRUE
ore_ont_8335.owl,TRUE
ore_ont_2775.owl,TRUE
ore_ont_3082.owl,TRUE
ore_ont_9031.owl,TRUE
ore_ont_8665.owl,TRUE
ore_ont_16827.owl,TRUE
ore_ont_11380.owl,TRUE
ore_ont_13759.owl,TRUE
ore_ont_2012.owl,TRUE
ore_ont_7517.owl,TRUE
ore_ont_13530.owl,TRUE
ore_ont_10413.owl,TRUE
ore_ont_4724.owl,TRUE
ore_ont_4223.owl,TRUE
ore_ont_12906.owl,TRUE
ore_ont_14588.owl,TRUE
ore_ont_15993.owl,TRUE
ore_ont_3463.owl,TRUE
ore_ont_5303.owl,TRUE
ore_ont_12118.owl,TRUE
ore_ont_12948.owl,FALSE
ore_ont_11895.owl,TRUE
ore_ont_14412.owl,TRUE
ore_ont_5090.owl,TRUE
ore_ont_10536.owl,TRUE
ore_ont_7969.owl,TRUE
ore_ont_2876.owl,TRUE
ore_ont_1524.owl,TRUE
ore_ont_2697.owl,TRUE
ore_ont_15145.owl,TRUE
ore_ont_11866.owl,TRUE
ore_ont_3775.owl,TRUE
ore_ont_9462.owl,TRUE
ore_ont_8666.owl,TRUE
ore_ont_7962.owl,TRUE
ore_ont_1997.owl,TRUE
ore_ont_4897.owl,TRUE
ore_ont_11133.owl,TRUE
ore_ont_15160.owl,TRUE
ore_ont_1746.owl,TRUE
ore_ont_14926.owl,TRUE
ore_ont_15576.owl,TRUE
ore_ont_10407.owl,TRUE
ore_ont_9941.owl,TRUE
ore_ont_1662.owl,TRUE
ore_ont_14273.owl,TRUE
ore_ont_11522.owl,TRUE
ore_ont_10823.owl,TRUE
ore_ont_13524.owl,TRUE
ore_ont_420.owl,TRUE
ore_ont_7417.owl,TRUE
ore_ont_12653.owl,TRUE
ore_ont_14831.owl,TRUE
ore_ont_16594.owl,TRUE
ore_ont_3592.owl,TRUE
ore_ont_8226.owl,TRUE
ore_ont_6485.owl,TRUE
ore_ont_8806.owl,TRUE
ore_ont_5742.owl,TRUE
ore_ont_6812.owl,TRUE
ore_ont_6207.owl,TRUE
ore_ont_9736.owl,TRUE
ore_ont_5089.owl,TRUE
ore_ont_6333.owl,TRUE
ore_ont_14826.owl,TRUE
ore_ont_2837.owl,TRUE
ore_ont_6855.owl,TRUE
ore_ont_10088.owl,TRUE
ore_ont_3639.owl,TRUE
ore_ont_11497.owl,TRUE
ore_ont_385.owl,TRUE
ore_ont_11676.owl,TRUE
ore_ont_11291.owl,TRUE
ore_ont_15461.owl,TRUE
ore_ont_12584.owl,TRUE
ore_ont_3936.owl,TRUE
ore_ont_5258.owl,TRUE
ore_ont_3260.owl,TRUE
ore_ont_2557.owl,TRUE
ore_ont_258.owl,TRUE
ore_ont_9666.owl,TRUE
ore_ont_6260.owl,TRUE
ore_ont_6470.owl,TRUE
ore_ont_5572.owl,TRUE
ore_ont_10537.owl,TRUE
ore_ont_16359.owl,TRUE
ore_ont_11523.owl,TRUE
ore_ont_2989.owl,TRUE
ore_ont_6617.owl,TRUE
ore_ont_3270.owl,TRUE
ore_ont_16855.owl,TRUE
ore_ont_10888.owl,TRUE
ore_ont_9002.owl,TRUE
ore_ont_202.owl,TRUE
ore_ont_4193.owl,TRUE
ore_ont_4428.owl,TRUE
ore_ont_13680.owl,TRUE
ore_ont_5159.owl,TRUE
ore_ont_1902.owl,TRUE
ore_ont_11901.owl,TRUE
ore_ont_1944.owl,TRUE
ore_ont_11972.owl,TRUE
ore_ont_8951.owl,TRUE
ore_ont_14848.owl,TRUE
ore_ont_11929.owl,TRUE
ore_ont_4936.owl,TRUE
ore_ont_3789.owl,TRUE
ore_ont_3852.owl,TRUE
ore_ont_3987.owl,TRUE
ore_ont_16289.owl,TRUE
ore_ont_16723.owl,TRUE
ore_ont_3128.owl,TRUE
ore_ont_13132.owl,TRUE
ore_ont_16626.owl,TRUE
ore_ont_3455.owl,TRUE
ore_ont_13885.owl,TRUE
ore_ont_16274.owl,TRUE
ore_ont_7003.owl,TRUE
ore_ont_3205.owl,TRUE
ore_ont_11639.owl,TRUE
ore_ont_16267.owl,TRUE
ore_ont_6378.owl,TRUE
ore_ont_11003.owl,TRUE
ore_ont_16630.owl,TRUE
ore_ont_10388.owl,TRUE
ore_ont_11296.owl,TRUE
ore_ont_16814.owl,TRUE
ore_ont_304.owl,TRUE
ore_ont_105.owl,TRUE
ore_ont_12107.owl,TRUE
ore_ont_178.owl,TRUE
ore_ont_14327.owl,TRUE
ore_ont_7394.owl,TRUE
ore_ont_16197.owl,TRUE
ore_ont_541.owl,TRUE
ore_ont_12150.owl,TRUE
ore_ont_10894.owl,TRUE
ore_ont_9904.owl,TRUE
ore_ont_9928.owl,TRUE
ore_ont_5978.owl,TRUE
ore_ont_1342.owl,TRUE
ore_ont_10752.owl,TRUE
ore_ont_6338.owl,TRUE
ore_ont_7073.owl,TRUE
ore_ont_10362.owl,TRUE
ore_ont_7789.owl,TRUE
ore_ont_13064.owl,TRUE
ore_ont_1988.owl,TRUE
ore_ont_16010.owl,TRUE
ore_ont_3281.owl,TRUE
ore_ont_7525.owl,TRUE
ore_ont_11004.owl,TRUE
ore_ont_10340.owl,TRUE
ore_ont_12007.owl,TRUE
ore_ont_3258.owl,TRUE
ore_ont_11125.owl,TRUE
ore_ont_4767.owl,TRUE
ore_ont_2753.owl,TRUE
ore_ont_14816.owl,TRUE
ore_ont_7800.owl,TRUE
ore_ont_10199.owl,TRUE
ore_ont_10769.owl,TRUE
ore_ont_3053.owl,FALSE
ore_ont_13053.owl,TRUE
ore_ont_11010.owl,TRUE
ore_ont_13077.owl,TRUE
ore_ont_10285.owl,TRUE
ore_ont_8166.owl,TRUE
ore_ont_5404.owl,TRUE
ore_ont_6495.owl,TRUE
ore_ont_11203.owl,TRUE
ore_ont_14517.owl,TRUE
ore_ont_15737.owl,TRUE
ore_ont_15672.owl,TRUE
ore_ont_11401.owl,TRUE
ore_ont_7576.owl,TRUE
ore_ont_185.owl,TRUE
ore_ont_13066.owl,TRUE
ore_ont_2229.owl,TRUE
ore_ont_8949.owl,TRUE
ore_ont_778.owl,TRUE
ore_ont_11533.owl,TRUE
ore_ont_5679.owl,TRUE
ore_ont_9557.owl,TRUE
ore_ont_10805.owl,TRUE
ore_ont_15882.owl,TRUE
ore_ont_6796.owl,TRUE
ore_ont_11592.owl,TRUE
ore_ont_14325.owl,TRUE
ore_ont_16670.owl,TRUE
ore_ont_10355.owl,TRUE
ore_ont_10833.owl,TRUE
ore_ont_10580.owl,TRUE
ore_ont_6859.owl,TRUE
ore_ont_1866.owl,TRUE
ore_ont_14518.owl,TRUE
ore_ont_6246.owl,TRUE
ore_ont_2662.owl,TRUE
ore_ont_2228.owl,TRUE
ore_ont_16268.owl,TRUE
ore_ont_9689.owl,TRUE
ore_ont_10516.owl,TRUE
ore_ont_3263.owl,TRUE
ore_ont_12824.owl,TRUE
ore_ont_14348.owl,TRUE
ore_ont_3770.owl,TRUE
ore_ont_338.owl,TRUE
ore_ont_6589.owl,TRUE
ore_ont_7890.owl,TRUE
ore_ont_9204.owl,TRUE
ore_ont_13301.owl,TRUE
ore_ont_15068.owl,TRUE
ore_ont_13129.owl,TRUE
ore_ont_13740.owl,TRUE
ore_ont_4035.owl,TRUE
ore_ont_8119.owl,TRUE
ore_ont_16777.owl,TRUE
ore_ont_5074.owl,TRUE
ore_ont_16033.owl,TRUE
ore_ont_13799.owl,TRUE
ore_ont_10681.owl,TRUE
ore_ont_5665.owl,TRUE
ore_ont_11149.owl,TRUE
ore_ont_7901.owl,TRUE
ore_ont_12323.owl,TRUE
ore_ont_5263.owl,TRUE
ore_ont_14800.owl,TRUE
ore_ont_3418.owl,TRUE
ore_ont_10056.owl,TRUE
ore_ont_1430.owl,TRUE
ore_ont_7373.owl,TRUE
ore_ont_7663.owl,TRUE
ore_ont_11526.owl,TRUE
ore_ont_8369.owl,TRUE
ore_ont_16535.owl,TRUE
ore_ont_3292.owl,TRUE
ore_ont_9088.owl,TRUE
ore_ont_11392.owl,TRUE
ore_ont_430.owl,TRUE
ore_ont_14175.owl,TRUE
ore_ont_4382.owl,TRUE
ore_ont_1898.owl,FALSE
ore_ont_14341.owl,TRUE
ore_ont_5932.owl,TRUE
ore_ont_12415.owl,TRUE
ore_ont_2237.owl,TRUE
ore_ont_4133.owl,TRUE
ore_ont_13872.owl,TRUE
ore_ont_85.owl,TRUE
ore_ont_13234.owl,TRUE
ore_ont_6368.owl,TRUE
ore_ont_1034.owl,TRUE
ore_ont_15103.owl,TRUE
ore_ont_16730.owl,TRUE
ore_ont_3884.owl,TRUE
ore_ont_6981.owl,TRUE
ore_ont_13704.owl,TRUE
ore_ont_13833.owl,TRUE
ore_ont_15514.owl,TRUE
ore_ont_2066.owl,TRUE
ore_ont_9695.owl,TRUE
ore_ont_5604.owl,TRUE
ore_ont_1823.owl,TRUE
ore_ont_13584.owl,FALSE
ore_ont_3780.owl,TRUE
ore_ont_13097.owl,TRUE
ore_ont_15291.owl,TRUE
ore_ont_5204.owl,TRUE
ore_ont_8578.owl,TRUE
ore_ont_8462.owl,TRUE
ore_ont_10009.owl,TRUE
ore_ont_568.owl,TRUE
ore_ont_15058.owl,TRUE
ore_ont_12253.owl,TRUE
ore_ont_4719.owl,TRUE
ore_ont_3022.owl,TRUE
ore_ont_2678.owl,TRUE
ore_ont_12369.owl,TRUE
ore_ont_16501.owl,TRUE
ore_ont_703.owl,TRUE
ore_ont_5509.owl,TRUE
ore_ont_12379.owl,TRUE
ore_ont_165.owl,TRUE
ore_ont_6889.owl,TRUE
ore_ont_16321.owl,FALSE
ore_ont_11371.owl,TRUE
ore_ont_5184.owl,TRUE
ore_ont_7988.owl,TRUE
ore_ont_3832.owl,TRUE
ore_ont_15010.owl,TRUE
ore_ont_12112.owl,TRUE
ore_ont_16188.owl,TRUE
ore_ont_8781.owl,TRUE
ore_ont_13398.owl,TRUE
ore_ont_7011.owl,TRUE
ore_ont_13772.owl,TRUE
ore_ont_6417.owl,TRUE
ore_ont_13100.owl,TRUE
ore_ont_10431.owl,TRUE
ore_ont_7179.owl,FALSE
ore_ont_4918.owl,TRUE
ore_ont_16166.owl,TRUE
ore_ont_5966.owl,TRUE
ore_ont_8189.owl,TRUE
ore_ont_15596.owl,TRUE
ore_ont_7894.owl,TRUE
ore_ont_1793.owl,TRUE
ore_ont_231.owl,TRUE
ore_ont_8975.owl,TRUE
ore_ont_10571.owl,TRUE
ore_ont_14185.owl,TRUE
ore_ont_7730.owl,TRUE
ore_ont_15231.owl,TRUE
ore_ont_9690.owl,TRUE
ore_ont_8362.owl,TRUE
ore_ont_12566.owl,TRUE
ore_ont_2303.owl,TRUE
ore_ont_13805.owl,TRUE
ore_ont_1494.owl,TRUE
ore_ont_4668.owl,TRUE
ore_ont_7820.owl,TRUE
ore_ont_4388.owl,TRUE
ore_ont_7995.owl,TRUE
ore_ont_9012.owl,TRUE
ore_ont_3060.owl,TRUE
ore_ont_3843.owl,TRUE
ore_ont_14924.owl,TRUE
ore_ont_12061.owl,TRUE
ore_ont_7668.owl,TRUE
ore_ont_15217.owl,TRUE
ore_ont_5164.owl,TRUE
ore_ont_11978.owl,TRUE
ore_ont_1172.owl,TRUE
ore_ont_8502.owl,TRUE
ore_ont_3708.owl,TRUE
ore_ont_11504.owl,TRUE
ore_ont_9783.owl,TRUE
ore_ont_5033.owl,TRUE
ore_ont_11416.owl,TRUE
ore_ont_1853.owl,TRUE
ore_ont_14388.owl,TRUE
ore_ont_8327.owl,TRUE
ore_ont_16054.owl,TRUE
ore_ont_394.owl,TRUE
ore_ont_13035.owl,TRUE
ore_ont_12382.owl,TRUE
ore_ont_2526.owl,TRUE
ore_ont_12721.owl,TRUE
ore_ont_5205.owl,TRUE
ore_ont_3411.owl,TRUE
ore_ont_3966.owl,TRUE
ore_ont_1869.owl,TRUE
ore_ont_637.owl,TRUE
ore_ont_12342.owl,TRUE
ore_ont_6615.owl,TRUE
ore_ont_11792.owl,TRUE
ore_ont_2713.owl,TRUE
ore_ont_2608.owl,TRUE
ore_ont_7418.owl,TRUE
ore_ont_16847.owl,TRUE
ore_ont_14883.owl,TRUE
ore_ont_1325.owl,TRUE
ore_ont_4875.owl,TRUE
ore_ont_8460.owl,TRUE
ore_ont_2456.owl,TRUE
ore_ont_2744.owl,TRUE
ore_ont_1784.owl,TRUE
ore_ont_6067.owl,TRUE
ore_ont_4315.owl,TRUE
ore_ont_7339.owl,TRUE
ore_ont_10109.owl,TRUE
ore_ont_11889.owl,TRUE
ore_ont_10314.owl,TRUE
ore_ont_13897.owl,TRUE
ore_ont_630.owl,TRUE
ore_ont_14936.owl,TRUE
ore_ont_9024.owl,TRUE
ore_ont_11064.owl,TRUE
ore_ont_1537.owl,TRUE
ore_ont_12141.owl,TRUE
ore_ont_9154.owl,TRUE
ore_ont_4516.owl,TRUE
ore_ont_10460.owl,TRUE
ore_ont_13887.owl,TRUE
ore_ont_5057.owl,TRUE
ore_ont_2017.owl,TRUE
ore_ont_2672.owl,TRUE
ore_ont_15652.owl,TRUE
ore_ont_7342.owl,TRUE
ore_ont_14901.owl,TRUE
ore_ont_14381.owl,TRUE
ore_ont_6542.owl,TRUE
ore_ont_3259.owl,TRUE
ore_ont_6258.owl,TRUE
ore_ont_2556.owl,TRUE
ore_ont_2860.owl,TRUE
ore_ont_5014.owl,FALSE
ore_ont_5216.owl,TRUE
ore_ont_6272.owl,TRUE
ore_ont_1705.owl,TRUE
ore_ont_9054.owl,TRUE
ore_ont_13762.owl,TRUE
ore_ont_2063.owl,TRUE
ore_ont_934.owl,TRUE
ore_ont_586.owl,TRUE
ore_ont_13581.owl,TRUE
ore_ont_10162.owl,TRUE
ore_ont_16708.owl,TRUE
ore_ont_3685.owl,TRUE
ore_ont_1834.owl,TRUE
ore_ont_5774.owl,TRUE
ore_ont_10320.owl,TRUE
ore_ont_6983.owl,TRUE
ore_ont_6696.owl,TRUE
ore_ont_3892.owl,TRUE
ore_ont_1461.owl,TRUE
ore_ont_13657.owl,TRUE
ore_ont_11016.owl,FALSE
ore_ont_5359.owl,TRUE
ore_ont_8141.owl,TRUE
ore_ont_15682.owl,TRUE
ore_ont_8021.owl,TRUE
ore_ont_11577.owl,TRUE
ore_ont_14321.owl,TRUE
ore_ont_14272.owl,TRUE
ore_ont_8948.owl,TRUE
ore_ont_16191.owl,TRUE
ore_ont_1728.owl,TRUE
ore_ont_13383.owl,TRUE
ore_ont_16115.owl,TRUE
ore_ont_5564.owl,TRUE
ore_ont_8355.owl,TRUE
ore_ont_11554.owl,TRUE
ore_ont_11694.owl,TRUE
ore_ont_155.owl,TRUE
ore_ont_2901.owl,TRUE
ore_ont_6024.owl,TRUE
ore_ont_3726.owl,TRUE
ore_ont_7278.owl,TRUE
ore_ont_3349.owl,TRUE
ore_ont_4898.owl,TRUE
ore_ont_2488.owl,TRUE
ore_ont_1756.owl,TRUE
ore_ont_4032.owl,TRUE
ore_ont_3566.owl,TRUE
ore_ont_6999.owl,TRUE
ore_ont_1958.owl,TRUE
ore_ont_6967.owl,TRUE
ore_ont_4671.owl,TRUE
ore_ont_10230.owl,TRUE
ore_ont_15753.owl,TRUE
ore_ont_10908.owl,TRUE
ore_ont_13898.owl,TRUE
ore_ont_6857.owl,TRUE
ore_ont_9864.owl,TRUE
ore_ont_2720.owl,TRUE
ore_ont_12932.owl,TRUE
ore_ont_12831.owl,TRUE
ore_ont_2195.owl,TRUE
ore_ont_15933.owl,TRUE
ore_ont_4983.owl,TRUE
ore_ont_7220.owl,TRUE
ore_ont_13954.owl,TRUE
ore_ont_3352.owl,TRUE
ore_ont_3010.owl,TRUE
ore_ont_8631.owl,TRUE
ore_ont_1931.owl,TRUE
ore_ont_16821.owl,TRUE
ore_ont_4827.owl,TRUE
ore_ont_9240.owl,TRUE
ore_ont_15413.owl,TRUE
ore_ont_4074.owl,TRUE
ore_ont_3301.owl,TRUE
ore_ont_5220.owl,TRUE
ore_ont_5324.owl,TRUE
ore_ont_6278.owl,TRUE
ore_ont_4354.owl,TRUE
ore_ont_15575.owl,TRUE
ore_ont_2453.owl,TRUE
ore_ont_10807.owl,TRUE
ore_ont_12987.owl,TRUE
ore_ont_766.owl,TRUE
ore_ont_15516.owl,FALSE
ore_ont_7828.owl,TRUE
ore_ont_14981.owl,TRUE
ore_ont_5834.owl,TRUE
ore_ont_850.owl,TRUE
ore_ont_2826.owl,TRUE
ore_ont_10702.owl,TRUE
ore_ont_3156.owl,TRUE
ore_ont_8042.owl,TRUE
ore_ont_14334.owl,TRUE
ore_ont_16312.owl,TRUE
ore_ont_8429.owl,TRUE
ore_ont_1406.owl,TRUE
ore_ont_4469.owl,TRUE
ore_ont_12084.owl,TRUE
ore_ont_6298.owl,TRUE
ore_ont_2338.owl,TRUE
ore_ont_16425.owl,TRUE
ore_ont_8280.owl,FALSE
ore_ont_4400.owl,TRUE
ore_ont_5539.owl,FALSE
ore_ont_15397.owl,TRUE
ore_ont_2669.owl,FALSE
ore_ont_15685.owl,TRUE
ore_ont_12433.owl,TRUE
ore_ont_10906.owl,FALSE
ore_ont_1397.owl,TRUE
ore_ont_3978.owl,TRUE
ore_ont_15985.owl,TRUE
ore_ont_237.owl,FALSE
ore_ont_10133.owl,TRUE
ore_ont_11009.owl,TRUE
ore_ont_11719.owl,TRUE
ore_ont_457.owl,TRUE
ore_ont_10776.owl,TRUE
ore_ont_4261.owl,TRUE
ore_ont_12764.owl,TRUE
ore_ont_5206.owl,FALSE
ore_ont_8396.owl,TRUE
ore_ont_15407.owl,TRUE
ore_ont_13880.owl,FALSE
ore_ont_16371.owl,FALSE
ore_ont_8250.owl,TRUE
ore_ont_10283.owl,TRUE
ore_ont_3910.owl,TRUE
ore_ont_8187.owl,TRUE
ore_ont_1478.owl,TRUE
ore_ont_16157.owl,TRUE
ore_ont_2011.owl,TRUE
ore_ont_10419.owl,TRUE
ore_ont_8030.owl,TRUE
ore_ont_12955.owl,TRUE
ore_ont_13646.owl,TRUE
ore_ont_1473.owl,TRUE
ore_ont_6020.owl,TRUE
ore_ont_13912.owl,FALSE
ore_ont_10517.owl,TRUE
ore_ont_3262.owl,TRUE
ore_ont_2378.owl,TRUE
ore_ont_13112.owl,TRUE
ore_ont_5964.owl,FALSE
ore_ont_16255.owl,TRUE
ore_ont_13404.owl,TRUE
ore_ont_12009.owl,TRUE
ore_ont_8387.owl,TRUE
ore_ont_5764.owl,TRUE
ore_ont_9857.owl,TRUE
ore_ont_5940.owl,TRUE
ore_ont_7877.owl,TRUE
ore_ont_8399.owl,TRUE
ore_ont_10503.owl,FALSE
ore_ont_8135.owl,TRUE
ore_ont_11274.owl,TRUE
ore_ont_9890.owl,TRUE
ore_ont_8050.owl,TRUE
ore_ont_9957.owl,TRUE
ore_ont_6951.owl,TRUE
ore_ont_12931.owl,TRUE
ore_ont_3835.owl,TRUE
ore_ont_16372.owl,FALSE
ore_ont_12925.owl,TRUE
ore_ont_6149.owl,TRUE
ore_ont_12270.owl,TRUE
ore_ont_3344.owl,TRUE
ore_ont_11014.owl,TRUE
ore_ont_4961.owl,TRUE
ore_ont_1445.owl,TRUE
ore_ont_14684.owl,TRUE
ore_ont_11115.owl,TRUE
ore_ont_7584.owl,TRUE
ore_ont_4796.owl,TRUE
ore_ont_1646.owl,TRUE
ore_ont_8006.owl,TRUE
ore_ont_6939.owl,TRUE
ore_ont_3231.owl,TRUE
ore_ont_8916.owl,TRUE
ore_ont_14123.owl,TRUE
ore_ont_11157.owl,TRUE
ore_ont_8019.owl,TRUE
ore_ont_10134.owl,TRUE
ore_ont_1211.owl,TRUE
ore_ont_727.owl,TRUE
ore_ont_7327.owl,TRUE
ore_ont_1346.owl,TRUE
ore_ont_12372.owl,TRUE
ore_ont_9122.owl,TRUE
ore_ont_4313.owl,TRUE
ore_ont_11572.owl,TRUE
ore_ont_7818.owl,TRUE
ore_ont_7938.owl,TRUE
ore_ont_3515.owl,TRUE
ore_ont_9251.owl,TRUE
ore_ont_12892.owl,TRUE
ore_ont_9096.owl,TRUE
ore_ont_13578.owl,TRUE
ore_ont_6437.owl,TRUE
ore_ont_13298.owl,TRUE
ore_ont_3635.owl,TRUE
ore_ont_15030.owl,TRUE
ore_ont_5688.owl,TRUE
ore_ont_725.owl,TRUE
ore_ont_14840.owl,TRUE
ore_ont_6401.owl,TRUE
ore_ont_7169.owl,TRUE
ore_ont_13413.owl,TRUE
ore_ont_12097.owl,TRUE
ore_ont_8273.owl,TRUE
ore_ont_8911.owl,TRUE
ore_ont_1509.owl,TRUE
ore_ont_6446.owl,FALSE
ore_ont_5266.owl,TRUE
ore_ont_6409.owl,TRUE
ore_ont_5376.owl,TRUE
ore_ont_1707.owl,TRUE
ore_ont_894.owl,TRUE
ore_ont_6923.owl,TRUE
ore_ont_9786.owl,TRUE
ore_ont_15273.owl,TRUE
ore_ont_2646.owl,TRUE
ore_ont_1017.owl,TRUE
ore_ont_7216.owl,TRUE
ore_ont_2950.owl,TRUE
ore_ont_7007.owl,FALSE
ore_ont_8563.owl,TRUE
ore_ont_14370.owl,TRUE
ore_ont_3783.owl,TRUE
ore_ont_2266.owl,TRUE
ore_ont_15950.owl,TRUE
ore_ont_14153.owl,TRUE
ore_ont_5485.owl,TRUE
ore_ont_10160.owl,TRUE
ore_ont_11362.owl,TRUE
ore_ont_5078.owl,TRUE
ore_ont_12965.owl,TRUE
ore_ont_7483.owl,TRUE
ore_ont_8730.owl,TRUE
ore_ont_316.owl,TRUE
ore_ont_3503.owl,TRUE
ore_ont_13113.owl,TRUE
ore_ont_12723.owl,TRUE
ore_ont_9402.owl,TRUE
ore_ont_10366.owl,TRUE
ore_ont_7364.owl,TRUE
ore_ont_11316.owl,TRUE
ore_ont_15526.owl,TRUE
ore_ont_12397.owl,TRUE
ore_ont_7833.owl,TRUE
ore_ont_412.owl,TRUE
ore_ont_670.owl,TRUE
ore_ont_2313.owl,TRUE
ore_ont_11647.owl,TRUE
ore_ont_3003.owl,TRUE
ore_ont_10026.owl,TRUE
ore_ont_14353.owl,TRUE
ore_ont_13545.owl,TRUE
ore_ont_5707.owl,TRUE
ore_ont_16056.owl,TRUE
ore_ont_13405.owl,TRUE
ore_ont_4279.owl,TRUE
ore_ont_1603.owl,TRUE
ore_ont_9662.owl,TRUE
ore_ont_4383.owl,TRUE
ore_ont_7776.owl,TRUE
ore_ont_4652.owl,TRUE
ore_ont_14031.owl,TRUE
ore_ont_1481.owl,TRUE
ore_ont_3931.owl,TRUE
ore_ont_9617.owl,TRUE
ore_ont_7610.owl,FALSE
ore_ont_7893.owl,TRUE
ore_ont_2496.owl,TRUE
ore_ont_12281.owl,TRUE
ore_ont_13859.owl,TRUE
ore_ont_2022.owl,TRUE
ore_ont_15292.owl,TRUE
ore_ont_5080.owl,TRUE
ore_ont_8640.owl,TRUE
ore_ont_10874.owl,FALSE
ore_ont_10004.owl,TRUE
ore_ont_4198.owl,FALSE
ore_ont_544.owl,TRUE
ore_ont_5213.owl,TRUE
ore_ont_9598.owl,TRUE
ore_ont_13444.owl,TRUE
ore_ont_9998.owl,TRUE
ore_ont_15741.owl,TRUE
ore_ont_15583.owl,TRUE
ore_ont_8175.owl,TRUE
ore_ont_4527.owl,TRUE
ore_ont_13474.owl,TRUE
ore_ont_380.owl,TRUE
ore_ont_566.owl,TRUE
ore_ont_10146.owl,TRUE
ore_ont_14285.owl,FALSE
ore_ont_7120.owl,TRUE
ore_ont_15860.owl,TRUE
ore_ont_10350.owl,TRUE
ore_ont_5983.owl,TRUE
ore_ont_2440.owl,TRUE
ore_ont_3102.owl,TRUE
ore_ont_8142.owl,FALSE
ore_ont_5502.owl,TRUE
ore_ont_7532.owl,TRUE
ore_ont_6226.owl,TRUE
ore_ont_8290.owl,TRUE
ore_ont_869.owl,TRUE
ore_ont_8298.owl,TRUE
ore_ont_14667.owl,TRUE
ore_ont_524.owl,TRUE
ore_ont_8744.owl,TRUE
ore_ont_1117.owl,TRUE
ore_ont_9947.owl,TRUE
ore_ont_12914.owl,TRUE
ore_ont_3545.owl,FALSE
ore_ont_9943.owl,TRUE
ore_ont_3968.owl,TRUE
ore_ont_2377.owl,TRUE
ore_ont_7778.owl,TRUE
ore_ont_8509.owl,TRUE
ore_ont_218.owl,TRUE
ore_ont_2612.owl,TRUE
ore_ont_507.owl,TRUE
ore_ont_6817.owl,TRUE
ore_ont_14912.owl,TRUE
ore_ont_2569.owl,TRUE
ore_ont_3313.owl,TRUE
ore_ont_8595.owl,TRUE
ore_ont_13153.owl,TRUE
ore_ont_8203.owl,TRUE
ore_ont_15297.owl,TRUE
ore_ont_5894.owl,TRUE
ore_ont_509.owl,TRUE
ore_ont_6566.owl,TRUE
ore_ont_9435.owl,TRUE
ore_ont_11685.owl,TRUE
ore_ont_11349.owl,TRUE
ore_ont_9248.owl,TRUE
ore_ont_11703.owl,TRUE
ore_ont_7817.owl,TRUE
ore_ont_8294.owl,TRUE
ore_ont_10952.owl,TRUE
ore_ont_9540.owl,TRUE
ore_ont_6727.owl,TRUE
ore_ont_11619.owl,TRUE
ore_ont_1475.owl,TRUE
ore_ont_10326.owl,TRUE
ore_ont_8941.owl,TRUE
ore_ont_12325.owl,TRUE
ore_ont_9673.owl,TRUE
ore_ont_6905.owl,TRUE
ore_ont_5197.owl,TRUE
ore_ont_5241.owl,TRUE
ore_ont_16039.owl,TRUE
ore_ont_15301.owl,TRUE
ore_ont_6934.owl,FALSE
ore_ont_2703.owl,TRUE
ore_ont_5149.owl,TRUE
ore_ont_16806.owl,TRUE
ore_ont_8090.owl,TRUE
ore_ont_15222.owl,TRUE
ore_ont_4798.owl,TRUE
ore_ont_2749.owl,FALSE
ore_ont_3550.owl,TRUE
ore_ont_12801.owl,TRUE
ore_ont_8940.owl,TRUE
ore_ont_7108.owl,TRUE
ore_ont_13299.owl,TRUE
ore_ont_14040.owl,TRUE
ore_ont_11635.owl,TRUE
ore_ont_9646.owl,TRUE
ore_ont_14396.owl,TRUE
ore_ont_572.owl,TRUE
ore_ont_6423.owl,TRUE
ore_ont_3916.owl,FALSE
ore_ont_4903.owl,TRUE
ore_ont_12916.owl,TRUE
ore_ont_7052.owl,FALSE
ore_ont_10742.owl,TRUE
ore_ont_11298.owl,TRUE
ore_ont_7743.owl,TRUE
ore_ont_13837.owl,TRUE
ore_ont_10254.owl,TRUE
ore_ont_15108.owl,TRUE
ore_ont_3484.owl,TRUE
ore_ont_7680.owl,TRUE
ore_ont_2604.owl,TRUE
ore_ont_15968.owl,TRUE
ore_ont_6822.owl,TRUE
ore_ont_6146.owl,TRUE
ore_ont_1672.owl,TRUE
ore_ont_928.owl,TRUE
ore_ont_10968.owl,TRUE
ore_ont_9772.owl,TRUE
ore_ont_13755.owl,TRUE
ore_ont_12635.owl,TRUE
ore_ont_6134.owl,TRUE
ore_ont_15932.owl,TRUE
ore_ont_12405.owl,TRUE
ore_ont_5462.owl,TRUE
ore_ont_9053.owl,TRUE
ore_ont_3381.owl,TRUE
ore_ont_11623.owl,TRUE
ore_ont_14818.owl,TRUE
ore_ont_5550.owl,TRUE
ore_ont_399.owl,TRUE
ore_ont_9790.owl,TRUE
ore_ont_13139.owl,TRUE
ore_ont_8759.owl,TRUE
ore_ont_14860.owl,TRUE
ore_ont_11910.owl,TRUE
ore_ont_2677.owl,TRUE
ore_ont_8902.owl,TRUE
ore_ont_3784.owl,TRUE
ore_ont_9249.owl,TRUE
ore_ont_11626.owl,TRUE
ore_ont_15152.owl,TRUE
ore_ont_8933.owl,TRUE
ore_ont_7372.owl,TRUE
ore_ont_14863.owl,TRUE
ore_ont_1065.owl,TRUE
ore_ont_11484.owl,TRUE
ore_ont_644.owl,TRUE
ore_ont_5669.owl,TRUE
ore_ont_2318.owl,TRUE
ore_ont_6065.owl,TRUE
ore_ont_1493.owl,TRUE
ore_ont_5115.owl,TRUE
ore_ont_6202.owl,TRUE
ore_ont_16509.owl,TRUE
ore_ont_7180.owl,TRUE
ore_ont_2333.owl,TRUE
ore_ont_12000.owl,TRUE
ore_ont_16547.owl,TRUE
ore_ont_8641.owl,TRUE
ore_ont_15944.owl,TRUE
ore_ont_16669.owl,TRUE
ore_ont_1016.owl,TRUE
ore_ont_16558.owl,TRUE
ore_ont_4737.owl,TRUE
ore_ont_4655.owl,TRUE
ore_ont_15184.owl,TRUE
ore_ont_13857.owl,TRUE
ore_ont_6737.owl,TRUE
ore_ont_2783.owl,TRUE
ore_ont_14593.owl,TRUE
ore_ont_9382.owl,TRUE
ore_ont_9558.owl,TRUE
ore_ont_9758.owl,TRUE
ore_ont_6815.owl,TRUE
ore_ont_10409.owl,TRUE
ore_ont_960.owl,TRUE
ore_ont_10672.owl,TRUE
ore_ont_14134.owl,TRUE
ore_ont_7399.owl,TRUE
ore_ont_153.owl,TRUE
ore_ont_9668.owl,TRUE
ore_ont_2531.owl,TRUE
ore_ont_13337.owl,TRUE
ore_ont_14331.owl,TRUE
ore_ont_10985.owl,TRUE
ore_ont_3640.owl,TRUE
ore_ont_5092.owl,TRUE
ore_ont_12836.owl,FALSE
ore_ont_253.owl,TRUE
ore_ont_10423.owl,TRUE
ore_ont_6354.owl,TRUE
ore_ont_4260.owl,TRUE
ore_ont_15917.owl,TRUE
ore_ont_15341.owl,TRUE
ore_ont_13840.owl,TRUE
ore_ont_10275.owl,TRUE
ore_ont_13460.owl,TRUE
ore_ont_1539.owl,TRUE
ore_ont_15490.owl,TRUE
ore_ont_14255.owl,TRUE
ore_ont_8326.owl,TRUE
ore_ont_10588.owl,TRUE
ore_ont_7758.owl,TRUE
ore_ont_8684.owl,TRUE
ore_ont_13150.owl,TRUE
ore_ont_259.owl,TRUE
ore_ont_4162.owl,TRUE
ore_ont_3114.owl,TRUE
ore_ont_8359.owl,TRUE
ore_ont_8286.owl,TRUE
ore_ont_4515.owl,TRUE
ore_ont_15450.owl,TRUE
ore_ont_6765.owl,TRUE
ore_ont_12884.owl,TRUE
ore_ont_16565.owl,TRUE
ore_ont_7474.owl,TRUE
ore_ont_2664.owl,TRUE
ore_ont_13941.owl,TRUE
ore_ont_4581.owl,TRUE
ore_ont_9972.owl,TRUE
ore_ont_1870.owl,TRUE
ore_ont_9186.owl,TRUE
ore_ont_15352.owl,TRUE
ore_ont_8171.owl,TRUE
ore_ont_16738.owl,TRUE
ore_ont_13776.owl,TRUE
ore_ont_5543.owl,TRUE
ore_ont_2817.owl,TRUE
ore_ont_3329.owl,TRUE
ore_ont_9037.owl,TRUE
ore_ont_4263.owl,TRUE
ore_ont_15544.owl,TRUE
ore_ont_1790.owl,TRUE
ore_ont_6469.owl,TRUE
ore_ont_7775.owl,TRUE
ore_ont_16120.owl,TRUE
ore_ont_5448.owl,TRUE
ore_ont_16617.owl,TRUE
ore_ont_12474.owl,TRUE
ore_ont_8431.owl,TRUE
ore_ont_11636.owl,TRUE
ore_ont_8999.owl,TRUE
ore_ont_13700.owl,TRUE
ore_ont_13851.owl,TRUE
ore_ont_14919.owl,TRUE
ore_ont_7320.owl,TRUE
ore_ont_3214.owl,TRUE
ore_ont_8668.owl,TRUE
ore_ont_6266.owl,TRUE
ore_ont_11696.owl,TRUE
ore_ont_16017.owl,TRUE
ore_ont_7102.owl,TRUE
ore_ont_14183.owl,TRUE
ore_ont_6847.owl,TRUE
ore_ont_4958.owl,TRUE
ore_ont_14766.owl,TRUE
ore_ont_4429.owl,TRUE
ore_ont_10058.owl,TRUE
ore_ont_3584.owl,TRUE
ore_ont_14896.owl,TRUE
ore_ont_4210.owl,TRUE
ore_ont_4188.owl,TRUE
ore_ont_3795.owl,TRUE
ore_ont_6729.owl,TRUE
ore_ont_3357.owl,TRUE
ore_ont_4770.owl,TRUE
ore_ont_7084.owl,TRUE
ore_ont_10594.owl,TRUE
ore_ont_11289.owl,TRUE
ore_ont_11948.owl,TRUE
ore_ont_4834.owl,TRUE
ore_ont_8719.owl,TRUE
ore_ont_11564.owl,TRUE
ore_ont_1091.owl,TRUE
ore_ont_3500.owl,TRUE
ore_ont_14878.owl,TRUE
ore_ont_5943.owl,TRUE
ore_ont_4092.owl,TRUE
ore_ont_15355.owl,TRUE
ore_ont_6060.owl,TRUE
ore_ont_2548.owl,TRUE
ore_ont_5298.owl,TRUE
ore_ont_14237.owl,TRUE
ore_ont_13679.owl,TRUE
ore_ont_990.owl,TRUE
ore_ont_290.owl,TRUE
ore_ont_7014.owl,TRUE
ore_ont_7025.owl,TRUE
ore_ont_7237.owl,TRUE
ore_ont_770.owl,TRUE
ore_ont_7537.owl,TRUE
ore_ont_16822.owl,TRUE
ore_ont_8417.owl,TRUE
ore_ont_1517.owl,TRUE
ore_ont_7944.owl,TRUE
ore_ont_14906.owl,TRUE
ore_ont_5398.owl,TRUE
ore_ont_336.owl,TRUE
ore_ont_7079.owl,TRUE
ore_ont_6504.owl,TRUE
ore_ont_10173.owl,TRUE
ore_ont_9534.owl,TRUE
ore_ont_2700.owl,TRUE
ore_ont_14286.owl,TRUE
ore_ont_2213.owl,TRUE
ore_ont_3050.owl,TRUE
ore_ont_12418.owl,TRUE
ore_ont_3905.owl,TRUE
ore_ont_1340.owl,TRUE
ore_ont_11989.owl,TRUE
ore_ont_14452.owl,TRUE
ore_ont_12468.owl,TRUE
ore_ont_13674.owl,TRUE
ore_ont_6111.owl,TRUE
ore_ont_980.owl,TRUE
ore_ont_16642.owl,TRUE
ore_ont_15796.owl,TRUE
ore_ont_148.owl,TRUE
ore_ont_9896.owl,TRUE
ore_ont_3771.owl,TRUE
ore_ont_8322.owl,TRUE
ore_ont_14767.owl,TRUE
ore_ont_891.owl,TRUE
ore_ont_1970.owl,TRUE
ore_ont_15692.owl,TRUE
ore_ont_10892.owl,TRUE
ore_ont_4423.owl,TRUE
ore_ont_1062.owl,TRUE
ore_ont_12432.owl,TRUE
ore_ont_14367.owl,TRUE
ore_ont_6483.owl,TRUE
ore_ont_12039.owl,TRUE
ore_ont_7569.owl,TRUE
ore_ont_8688.owl,TRUE
ore_ont_10270.owl,TRUE
ore_ont_2360.owl,TRUE
ore_ont_6892.owl,TRUE
ore_ont_14294.owl,TRUE
ore_ont_7015.owl,TRUE
ore_ont_13078.owl,TRUE
ore_ont_7188.owl,TRUE
ore_ont_6535.owl,TRUE
ore_ont_6443.owl,TRUE
ore_ont_15013.owl,TRUE
ore_ont_3177.owl,TRUE
ore_ont_5792.owl,TRUE
ore_ont_12451.owl,TRUE
ore_ont_4587.owl,TRUE
ore_ont_9429.owl,TRUE
ore_ont_14450.owl,TRUE
ore_ont_16303.owl,TRUE
ore_ont_13336.owl,TRUE
ore_ont_12152.owl,TRUE
ore_ont_330.owl,TRUE
ore_ont_3241.owl,TRUE
ore_ont_10481.owl,TRUE
ore_ont_15224.owl,TRUE
ore_ont_16759.owl,TRUE
ore_ont_16124.owl,TRUE
ore_ont_260.owl,TRUE
ore_ont_6452.owl,TRUE
ore_ont_10242.owl,TRUE
ore_ont_1469.owl,TRUE
ore_ont_11124.owl,TRUE
ore_ont_13621.owl,TRUE
ore_ont_1533.owl,TRUE
ore_ont_14194.owl,TRUE
ore_ont_14551.owl,TRUE
ore_ont_12043.owl,TRUE
ore_ont_12219.owl,TRUE
ore_ont_7479.owl,TRUE
ore_ont_13178.owl,TRUE
ore_ont_11131.owl,TRUE
ore_ont_4182.owl,TRUE
ore_ont_11305.owl,FALSE
ore_ont_1965.owl,TRUE
ore_ont_5730.owl,TRUE
ore_ont_10749.owl,TRUE
ore_ont_15475.owl,TRUE
ore_ont_4363.owl,TRUE
ore_ont_8844.owl,TRUE
ore_ont_14191.owl,TRUE
ore_ont_9800.owl,FALSE
ore_ont_15615.owl,TRUE
ore_ont_5664.owl,TRUE
ore_ont_4780.owl,TRUE
ore_ont_3839.owl,TRUE
ore_ont_9257.owl,TRUE
ore_ont_10608.owl,TRUE
ore_ont_10991.owl,TRUE
ore_ont_14258.owl,TRUE
ore_ont_13430.owl,TRUE
ore_ont_3561.owl,FALSE
ore_ont_4578.owl,TRUE
ore_ont_3106.owl,TRUE
ore_ont_11675.owl,TRUE
ore_ont_7488.owl,TRUE
ore_ont_3080.owl,TRUE
ore_ont_13124.owl,TRUE
ore_ont_9020.owl,TRUE
ore_ont_10389.owl,TRUE
ore_ont_5841.owl,TRUE
ore_ont_7195.owl,TRUE
ore_ont_8329.owl,TRUE
ore_ont_13141.owl,TRUE
ore_ont_13919.owl,TRUE
ore_ont_16453.owl,TRUE
ore_ont_13949.owl,TRUE
ore_ont_10212.owl,TRUE
ore_ont_15921.owl,TRUE
ore_ont_10280.owl,TRUE
ore_ont_5492.owl,TRUE
ore_ont_1112.owl,TRUE
ore_ont_12665.owl,TRUE
ore_ont_264.owl,TRUE
ore_ont_9881.owl,TRUE
ore_ont_9014.owl,TRUE
ore_ont_11411.owl,TRUE
ore_ont_10197.owl,TRUE
ore_ont_2129.owl,TRUE
ore_ont_10774.owl,TRUE
ore_ont_12161.owl,TRUE
ore_ont_6751.owl,TRUE
ore_ont_12776.owl,TRUE
ore_ont_11452.owl,TRUE
ore_ont_236.owl,TRUE
ore_ont_9761.owl,TRUE
ore_ont_11536.owl,TRUE
ore_ont_9386.owl,TRUE
ore_ont_5840.owl,TRUE
ore_ont_10890.owl,TRUE
ore_ont_10348.owl,TRUE
ore_ont_16750.owl,TRUE
ore_ont_2848.owl,TRUE
ore_ont_2454.owl,TRUE
ore_ont_360.owl,FALSE
ore_ont_5690.owl,TRUE
ore_ont_7726.owl,TRUE
ore_ont_950.owl,TRUE
ore_ont_6862.owl,TRUE
ore_ont_6869.owl,TRUE
ore_ont_13991.owl,TRUE
ore_ont_3712.owl,TRUE
ore_ont_14499.owl,TRUE
ore_ont_6234.owl,TRUE
ore_ont_12536.owl,TRUE
ore_ont_7203.owl,TRUE
ore_ont_9596.owl,TRUE
ore_ont_15680.owl,TRUE
ore_ont_4732.owl,TRUE
ore_ont_9612.owl,TRUE
ore_ont_14574.owl,TRUE
ore_ont_8627.owl,TRUE
ore_ont_8755.owl,TRUE
ore_ont_13451.owl,TRUE
ore_ont_33.owl,TRUE
ore_ont_6358.owl,TRUE
ore_ont_6109.owl,TRUE
ore_ont_14587.owl,TRUE
ore_ont_16610.owl,TRUE
ore_ont_16299.owl,TRUE
ore_ont_7218.owl,TRUE
ore_ont_15363.owl,TRUE
ore_ont_3529.owl,TRUE
ore_ont_4610.owl,TRUE
ore_ont_4460.owl,TRUE
ore_ont_3781.owl,TRUE
ore_ont_7499.owl,TRUE
ore_ont_7356.owl,TRUE
ore_ont_11878.owl,TRUE
ore_ont_10425.owl,TRUE
ore_ont_904.owl,TRUE
ore_ont_4567.owl,TRUE
ore_ont_5695.owl,TRUE
ore_ont_10384.owl,TRUE
ore_ont_2624.owl,TRUE
ore_ont_11896.owl,TRUE
ore_ont_22.owl,TRUE
ore_ont_11140.owl,TRUE
ore_ont_10123.owl,TRUE
ore_ont_8492.owl,TRUE
ore_ont_7275.owl,TRUE
ore_ont_14066.owl,TRUE
ore_ont_8705.owl,TRUE
ore_ont_2578.owl,TRUE
ore_ont_9299.owl,TRUE
ore_ont_16105.owl,TRUE
ore_ont_7439.owl,TRUE
ore_ont_13000.owl,TRUE
ore_ont_443.owl,FALSE
ore_ont_1501.owl,TRUE
ore_ont_12174.owl,FALSE
ore_ont_16666.owl,TRUE
ore_ont_15612.owl,TRUE
ore_ont_3516.owl,TRUE
ore_ont_15063.owl,TRUE
ore_ont_10053.owl,TRUE
ore_ont_4503.owl,TRUE
ore_ont_8779.owl,TRUE
ore_ont_13852.owl,TRUE
ore_ont_2128.owl,TRUE
ore_ont_8347.owl,TRUE
ore_ont_8882.owl,TRUE
ore_ont_7345.owl,TRUE
ore_ont_947.owl,TRUE
ore_ont_2497.owl,TRUE
ore_ont_9303.owl,FALSE
ore_ont_14280.owl,TRUE
ore_ont_6198.owl,TRUE
ore_ont_2792.owl,TRUE
ore_ont_4226.owl,TRUE
ore_ont_5721.owl,TRUE
ore_ont_802.owl,TRUE
ore_ont_15066.owl,TRUE
ore_ont_10806.owl,TRUE
ore_ont_15871.owl,TRUE
ore_ont_205.owl,TRUE
ore_ont_15793.owl,TRUE
ore_ont_8864.owl,TRUE
ore_ont_1666.owl,TRUE
ore_ont_14995.owl,TRUE
ore_ont_6230.owl,TRUE
ore_ont_5002.owl,TRUE
ore_ont_15655.owl,TRUE
ore_ont_13082.owl,TRUE
ore_ont_10992.owl,TRUE
ore_ont_11502.owl,TRUE
ore_ont_14027.owl,TRUE
ore_ont_15098.owl,TRUE
ore_ont_15288.owl,FALSE
ore_ont_16800.owl,TRUE
ore_ont_4733.owl,TRUE
ore_ont_10754.owl,FALSE
ore_ont_15344.owl,TRUE
ore_ont_4639.owl,TRUE
ore_ont_7251.owl,TRUE
ore_ont_7926.owl,TRUE
ore_ont_6870.owl,TRUE
ore_ont_3917.owl,FALSE
ore_ont_10949.owl,TRUE
ore_ont_8148.owl,TRUE
ore_ont_16114.owl,TRUE
ore_ont_12410.owl,TRUE
ore_ont_6792.owl,TRUE
ore_ont_1767.owl,TRUE
ore_ont_3077.owl,FALSE
ore_ont_9590.owl,TRUE
ore_ont_699.owl,FALSE
ore_ont_6132.owl,TRUE
ore_ont_6009.owl,TRUE
ore_ont_9884.owl,TRUE
ore_ont_11378.owl,FALSE
ore_ont_12191.owl,FALSE
ore_ont_3562.owl,TRUE
ore_ont_6453.owl,TRUE
ore_ont_5965.owl,TRUE
ore_ont_5974.owl,TRUE
ore_ont_668.owl,TRUE
ore_ont_8989.owl,FALSE
ore_ont_4127.owl,TRUE
ore_ont_3406.owl,TRUE
ore_ont_2658.owl,TRUE
ore_ont_15623.owl,TRUE
ore_ont_6622.owl,TRUE
ore_ont_12269.owl,TRUE
ore_ont_13690.owl,TRUE
ore_ont_4662.owl,TRUE
ore_ont_9944.owl,TRUE
ore_ont_5507.owl,TRUE
ore_ont_15260.owl,TRUE
ore_ont_7858.owl,TRUE
ore_ont_7234.owl,TRUE
ore_ont_5260.owl,TRUE
ore_ont_257.owl,TRUE
ore_ont_2232.owl,TRUE
ore_ont_13230.owl,TRUE
ore_ont_1734.owl,TRUE
ore_ont_13723.owl,TRUE
ore_ont_11600.owl,TRUE
ore_ont_6910.owl,TRUE
ore_ont_307.owl,TRUE
ore_ont_15491.owl,TRUE
ore_ont_12284.owl,TRUE
ore_ont_6035.owl,TRUE
ore_ont_6076.owl,TRUE
ore_ont_5617.owl,TRUE
ore_ont_8995.owl,TRUE
ore_ont_12676.owl,TRUE
ore_ont_3238.owl,TRUE
ore_ont_11126.owl,FALSE
ore_ont_964.owl,TRUE
ore_ont_2719.owl,TRUE
ore_ont_9792.owl,TRUE
ore_ont_935.owl,TRUE
ore_ont_10080.owl,TRUE
ore_ont_16619.owl,TRUE
ore_ont_15878.owl,TRUE
ore_ont_14407.owl,TRUE
ore_ont_2656.owl,TRUE
ore_ont_4938.owl,TRUE
ore_ont_3919.owl,TRUE
ore_ont_3480.owl,TRUE
ore_ont_16746.owl,TRUE
ore_ont_6800.owl,TRUE
ore_ont_8792.owl,TRUE
ore_ont_3797.owl,TRUE
ore_ont_7608.owl,TRUE
ore_ont_10951.owl,TRUE
ore_ont_13811.owl,TRUE
ore_ont_16632.owl,FALSE
ore_ont_2317.owl,TRUE
ore_ont_8579.owl,TRUE
ore_ont_1119.owl,TRUE
ore_ont_12936.owl,TRUE
ore_ont_2591.owl,TRUE
ore_ont_7823.owl,TRUE
ore_ont_1508.owl,TRUE
ore_ont_5487.owl,TRUE
ore_ont_11906.owl,TRUE
ore_ont_4178.owl,TRUE
ore_ont_3680.owl,TRUE
ore_ont_5548.owl,TRUE
ore_ont_786.owl,FALSE
ore_ont_11629.owl,FALSE
ore_ont_9855.owl,FALSE
ore_ont_9513.owl,TRUE
ore_ont_1743.owl,TRUE
ore_ont_6608.owl,TRUE
ore_ont_1028.owl,TRUE
ore_ont_6433.owl,TRUE
ore_ont_15178.owl,TRUE
ore_ont_5368.owl,TRUE
ore_ont_12802.owl,TRUE
ore_ont_2020.owl,TRUE
ore_ont_12698.owl,TRUE
ore_ont_9151.owl,FALSE
ore_ont_16420.owl,FALSE
ore_ont_7226.owl,TRUE
ore_ont_9577.owl,FALSE
ore_ont_4235.owl,TRUE
ore_ont_13122.owl,FALSE
ore_ont_13752.owl,FALSE
ore_ont_5438.owl,TRUE
ore_ont_4570.owl,TRUE
ore_ont_4775.owl,TRUE
ore_ont_11081.owl,TRUE
ore_ont_2142.owl,TRUE
ore_ont_589.owl,TRUE
ore_ont_8377.owl,TRUE
ore_ont_13052.owl,FALSE
ore_ont_2491.owl,TRUE
ore_ont_9739.owl,TRUE
ore_ont_239.owl,TRUE
ore_ont_7536.owl,TRUE
ore_ont_12221.owl,TRUE
ore_ont_5188.owl,TRUE
ore_ont_7716.owl,TRUE
ore_ont_2397.owl,FALSE
ore_ont_8441.owl,TRUE
ore_ont_7174.owl,TRUE
ore_ont_15733.owl,TRUE
ore_ont_2661.owl,TRUE
ore_ont_12330.owl,TRUE
ore_ont_2627.owl,TRUE
ore_ont_12486.owl,TRUE
ore_ont_8712.owl,TRUE
ore_ont_1954.owl,TRUE
ore_ont_1212.owl,TRUE
ore_ont_12839.owl,TRUE
ore_ont_11282.owl,TRUE
ore_ont_12792.owl,TRUE
ore_ont_7706.owl,TRUE
ore_ont_13071.owl,TRUE
ore_ont_11553.owl,TRUE
ore_ont_15074.owl,FALSE
ore_ont_16542.owl,TRUE
ore_ont_14223.owl,TRUE
ore_ont_7178.owl,TRUE
ore_ont_15790.owl,TRUE
ore_ont_16853.owl,TRUE
ore_ont_11085.owl,TRUE
ore_ont_14380.owl,TRUE
ore_ont_5815.owl,TRUE
ore_ont_12194.owl,TRUE
ore_ont_11426.owl,TRUE
ore_ont_13665.owl,TRUE
ore_ont_12452.owl,TRUE
ore_ont_3255.owl,TRUE
ore_ont_9694.owl,TRUE
ore_ont_14897.owl,TRUE
ore_ont_1330.owl,TRUE
ore_ont_2105.owl,TRUE
ore_ont_7300.owl,TRUE
ore_ont_16687.owl,TRUE
ore_ont_12182.owl,FALSE
ore_ont_12992.owl,TRUE
ore_ont_12149.owl,TRUE
ore_ont_7493.owl,TRUE
ore_ont_14101.owl,FALSE
ore_ont_3237.owl,TRUE
ore_ont_9684.owl,TRUE
ore_ont_13964.owl,TRUE
ore_ont_11695.owl,FALSE
ore_ont_7204.owl,TRUE
ore_ont_6659.owl,TRUE
ore_ont_7831.owl,TRUE
ore_ont_1066.owl,TRUE
ore_ont_8470.owl,TRUE
ore_ont_4917.owl,FALSE
ore_ont_16559.owl,TRUE
ore_ont_10391.owl,TRUE
ore_ont_13526.owl,TRUE
ore_ont_9119.owl,TRUE
ore_ont_840.owl,TRUE
ore_ont_8480.owl,TRUE
ore_ont_6310.owl,TRUE
ore_ont_1685.owl,TRUE
ore_ont_4049.owl,FALSE
ore_ont_6444.owl,TRUE
ore_ont_14425.owl,TRUE
ore_ont_9318.owl,FALSE
ore_ont_8388.owl,TRUE
ore_ont_13664.owl,TRUE
ore_ont_15791.owl,TRUE
ore_ont_11311.owl,TRUE
ore_ont_16703.owl,TRUE
ore_ont_11597.owl,TRUE
ore_ont_13359.owl,TRUE
ore_ont_7401.owl,TRUE
ore_ont_1833.owl,FALSE
ore_ont_9545.owl,TRUE
ore_ont_1115.owl,TRUE
ore_ont_16283.owl,TRUE
ore_ont_13103.owl,TRUE
ore_ont_14508.owl,TRUE
ore_ont_4006.owl,TRUE
ore_ont_11500.owl,TRUE
ore_ont_14375.owl,TRUE
ore_ont_6478.owl,TRUE
ore_ont_12317.owl,TRUE
ore_ont_11196.owl,TRUE
ore_ont_14776.owl,TRUE
ore_ont_1310.owl,TRUE
ore_ont_1082.owl,FALSE
ore_ont_15099.owl,TRUE
ore_ont_10006.owl,TRUE
ore_ont_2577.owl,TRUE
ore_ont_9347.owl,TRUE
ore_ont_8432.owl,TRUE
ore_ont_15388.owl,TRUE
ore_ont_4616.owl,TRUE
ore_ont_13684.owl,TRUE
ore_ont_14909.owl,TRUE
ore_ont_2632.owl,TRUE
ore_ont_15991.owl,TRUE
ore_ont_1422.owl,TRUE
ore_ont_8634.owl,TRUE
ore_ont_11198.owl,TRUE
ore_ont_7455.owl,TRUE
ore_ont_13136.owl,TRUE
ore_ont_1634.owl,TRUE
ore_ont_14012.owl,TRUE
ore_ont_5253.owl,TRUE
ore_ont_5193.owl,TRUE
ore_ont_5059.owl,TRUE
ore_ont_7256.owl,TRUE
ore_ont_14365.owl,TRUE
ore_ont_9816.owl,TRUE
ore_ont_7540.owl,TRUE
ore_ont_9724.owl,FALSE
ore_ont_14572.owl,FALSE
ore_ont_7361.owl,FALSE
ore_ont_15536.owl,TRUE
ore_ont_10965.owl,TRUE
ore_ont_1840.owl,TRUE
ore_ont_13220.owl,TRUE
ore_ont_4141.owl,FALSE
ore_ont_14312.owl,TRUE
ore_ont_11110.owl,TRUE
ore_ont_3737.owl,TRUE
ore_ont_191.owl,TRUE
ore_ont_14879.owl,TRUE
ore_ont_7389.owl,TRUE
ore_ont_5544.owl,TRUE
ore_ont_16684.owl,TRUE
ore_ont_10778.owl,TRUE
ore_ont_3414.owl,TRUE
ore_ont_13243.owl,TRUE
ore_ont_7416.owl,TRUE
ore_ont_7607.owl,FALSE
ore_ont_9894.owl,TRUE
ore_ont_6108.owl,TRUE
ore_ont_5103.owl,TRUE
ore_ont_1966.owl,TRUE
ore_ont_6664.owl,TRUE
ore_ont_773.owl,TRUE
ore_ont_7803.owl,TRUE
ore_ont_10930.owl,TRUE
ore_ont_269.owl,TRUE
ore_ont_2291.owl,TRUE
ore_ont_7111.owl,FALSE
ore_ont_4487.owl,TRUE
ore_ont_14934.owl,TRUE
ore_ont_15557.owl,TRUE
ore_ont_3954.owl,TRUE
ore_ont_14543.owl,TRUE
ore_ont_1272.owl,TRUE
ore_ont_4617.owl,TRUE
ore_ont_5849.owl,TRUE
ore_ont_3282.owl,TRUE
ore_ont_6120.owl,TRUE
ore_ont_5755.owl,TRUE
ore_ont_9567.owl,TRUE
ore_ont_15237.owl,TRUE
ore_ont_15249.owl,TRUE
ore_ont_14881.owl,TRUE
ore_ont_12448.owl,TRUE
ore_ont_9046.owl,TRUE
ore_ont_15172.owl,TRUE
ore_ont_14556.owl,TRUE
ore_ont_7914.owl,TRUE
ore_ont_11559.owl,TRUE
ore_ont_6726.owl,TRUE
ore_ont_13902.owl,TRUE
ore_ont_3816.owl,FALSE
ore_ont_13708.owl,FALSE
ore_ont_11457.owl,FALSE
ore_ont_16315.owl,TRUE
ore_ont_10008.owl,TRUE
ore_ont_16184.owl,FALSE
ore_ont_14025.owl,TRUE
ore_ont_3873.owl,TRUE
ore_ont_5781.owl,TRUE
ore_ont_16511.owl,TRUE
ore_ont_4782.owl,TRUE
ore_ont_11207.owl,TRUE
ore_ont_3794.owl,FALSE
ore_ont_6816.owl,TRUE
ore_ont_15372.owl,TRUE
ore_ont_10127.owl,TRUE
ore_ont_15696.owl,TRUE
ore_ont_8557.owl,TRUE
ore_ont_3508.owl,TRUE
ore_ont_11293.owl,TRUE
ore_ont_4166.owl,TRUE
ore_ont_15929.owl,TRUE
ore_ont_8858.owl,TRUE
ore_ont_10248.owl,TRUE
ore_ont_5612.owl,TRUE
ore_ont_13276.owl,FALSE
ore_ont_13928.owl,TRUE
ore_ont_15226.owl,TRUE
ore_ont_5289.owl,TRUE
ore_ont_8068.owl,TRUE
ore_ont_2361.owl,TRUE
ore_ont_5549.owl,TRUE
ore_ont_14221.owl,TRUE
ore_ont_2803.owl,TRUE
ore_ont_16089.owl,TRUE
ore_ont_2415.owl,TRUE
ore_ont_14351.owl,FALSE
ore_ont_16680.owl,FALSE
ore_ont_14601.owl,TRUE
ore_ont_4233.owl,TRUE
ore_ont_10068.owl,TRUE
ore_ont_3215.owl,TRUE
ore_ont_5927.owl,TRUE
ore_ont_10032.owl,TRUE
ore_ont_11005.owl,TRUE
ore_ont_12414.owl,TRUE
ore_ont_13937.owl,TRUE
ore_ont_6722.owl,TRUE
ore_ont_6952.owl,TRUE
ore_ont_11053.owl,TRUE
ore_ont_15695.owl,FALSE
ore_ont_10136.owl,TRUE
ore_ont_16235.owl,TRUE
ore_ont_4033.owl,TRUE
ore_ont_15687.owl,FALSE
ore_ont_14742.owl,FALSE
ore_ont_1043.owl,TRUE
ore_ont_955.owl,FALSE
ore_ont_13969.owl,TRUE
ore_ont_12651.owl,TRUE
ore_ont_4744.owl,TRUE
ore_ont_11519.owl,TRUE
ore_ont_6712.owl,TRUE
ore_ont_3733.owl,TRUE
ore_ont_4054.owl,TRUE
ore_ont_5358.owl,TRUE
ore_ont_9886.owl,TRUE
ore_ont_1357.owl,TRUE
ore_ont_14355.owl,TRUE
ore_ont_15133.owl,TRUE
ore_ont_11827.owl,TRUE
ore_ont_12208.owl,TRUE
ore_ont_4802.owl,TRUE
ore_ont_283.owl,TRUE
ore_ont_8445.owl,FALSE
ore_ont_16286.owl,TRUE
ore_ont_11287.owl,FALSE
ore_ont_7496.owl,TRUE
ore_ont_14154.owl,TRUE
ore_ont_15725.owl,TRUE
ore_ont_16444.owl,TRUE
ore_ont_3100.owl,TRUE
ore_ont_13423.owl,TRUE
ore_ont_11459.owl,TRUE
ore_ont_6627.owl,TRUE
ore_ont_3696.owl,TRUE
ore_ont_12012.owl,TRUE
ore_ont_14817.owl,FALSE
ore_ont_9791.owl,FALSE
ore_ont_13229.owl,FALSE
ore_ont_5162.owl,FALSE
ore_ont_2504.owl,TRUE
ore_ont_12985.owl,TRUE
ore_ont_8787.owl,TRUE
ore_ont_954.owl,FALSE
ore_ont_2820.owl,TRUE
ore_ont_1370.owl,TRUE
ore_ont_7728.owl,TRUE
ore_ont_2134.owl,TRUE
ore_ont_11778.owl,TRUE
ore_ont_16519.owl,TRUE
ore_ont_4755.owl,TRUE
ore_ont_14861.owl,TRUE
ore_ont_15621.owl,TRUE
ore_ont_10838.owl,TRUE
ore_ont_11270.owl,FALSE
ore_ont_10621.owl,FALSE
ore_ont_7343.owl,TRUE
ore_ont_318.owl,TRUE
ore_ont_2828.owl,TRUE
ore_ont_3087.owl,TRUE
ore_ont_1820.owl,TRUE
ore_ont_2469.owl,TRUE
ore_ont_7567.owl,TRUE
ore_ont_16829.owl,TRUE
ore_ont_6833.owl,TRUE
ore_ont_10697.owl,TRUE
ore_ont_6223.owl,TRUE
ore_ont_9767.owl,TRUE
ore_ont_5418.owl,TRUE
ore_ont_10140.owl,TRUE
ore_ont_6896.owl,TRUE
ore_ont_4952.owl,TRUE
ore_ont_8145.owl,TRUE
ore_ont_15125.owl,TRUE
ore_ont_16428.owl,TRUE
ore_ont_4598.owl,TRUE
ore_ont_8982.owl,TRUE
ore_ont_9413.owl,TRUE
ore_ont_8194.owl,TRUE
ore_ont_8475.owl,FALSE
ore_ont_1182.owl,TRUE
ore_ont_4208.owl,TRUE
ore_ont_1938.owl,TRUE
ore_ont_12743.owl,TRUE
ore_ont_7409.owl,TRUE
ore_ont_4604.owl,TRUE
ore_ont_5566.owl,TRUE
ore_ont_11315.owl,TRUE
ore_ont_11899.owl,TRUE
ore_ont_9400.owl,TRUE
ore_ont_11037.owl,TRUE
ore_ont_762.owl,TRUE
ore_ont_2082.owl,TRUE
ore_ont_5753.owl,FALSE
ore_ont_751.owl,TRUE
ore_ont_9499.owl,TRUE
ore_ont_7340.owl,TRUE
ore_ont_8671.owl,TRUE
ore_ont_11464.owl,TRUE
ore_ont_12901.owl,TRUE
ore_ont_11460.owl,TRUE
ore_ont_20.owl,FALSE
ore_ont_5481.owl,TRUE
ore_ont_10073.owl,TRUE
ore_ont_12993.owl,TRUE
ore_ont_2253.owl,TRUE
ore_ont_5141.owl,TRUE
ore_ont_2111.owl,TRUE
ore_ont_1886.owl,TRUE
ore_ont_16701.owl,TRUE
ore_ont_4410.owl,TRUE
ore_ont_2243.owl,TRUE
ore_ont_7370.owl,TRUE
ore_ont_11389.owl,TRUE
ore_ont_3164.owl,TRUE
ore_ont_15418.owl,FALSE
ore_ont_12087.owl,TRUE
ore_ont_3274.owl,TRUE
ore_ont_4577.owl,TRUE
ore_ont_14607.owl,TRUE
ore_ont_10016.owl,TRUE
ore_ont_7729.owl,TRUE
ore_ont_12528.owl,TRUE
ore_ont_14308.owl,TRUE
ore_ont_16462.owl,TRUE
ore_ont_12387.owl,TRUE
ore_ont_7908.owl,TRUE
ore_ont_16596.owl,TRUE
ore_ont_15976.owl,TRUE
ore_ont_4510.owl,TRUE
ore_ont_10929.owl,TRUE
ore_ont_10380.owl,TRUE
ore_ont_13846.owl,TRUE
ore_ont_2622.owl,TRUE
ore_ont_5519.owl,TRUE
ore_ont_9027.owl,TRUE
ore_ont_2513.owl,TRUE
ore_ont_3658.owl,TRUE
ore_ont_9958.owl,TRUE
ore_ont_4572.owl,TRUE
ore_ont_13591.owl,TRUE
ore_ont_5596.owl,TRUE
ore_ont_6682.owl,TRUE
ore_ont_15635.owl,TRUE
ore_ont_3560.owl,TRUE
ore_ont_3133.owl,TRUE
ore_ont_12203.owl,TRUE
ore_ont_5475.owl,TRUE
ore_ont_7578.owl,TRUE
ore_ont_4187.owl,TRUE
ore_ont_13355.owl,TRUE
ore_ont_2486.owl,TRUE
ore_ont_4412.owl,TRUE
ore_ont_16414.owl,TRUE
ore_ont_5857.owl,TRUE
ore_ont_10445.owl,TRUE
ore_ont_10125.owl,TRUE
ore_ont_9498.owl,TRUE
ore_ont_9654.owl,TRUE
ore_ont_12351.owl,TRUE
ore_ont_16457.owl,TRUE
ore_ont_4205.owl,TRUE
ore_ont_16586.owl,TRUE
ore_ont_1673.owl,TRUE
ore_ont_9794.owl,TRUE
ore_ont_10161.owl,TRUE
ore_ont_11739.owl,TRUE
ore_ont_15803.owl,TRUE
ore_ont_3377.owl,TRUE
ore_ont_16008.owl,TRUE
ore_ont_6212.owl,TRUE
ore_ont_3914.owl,TRUE
ore_ont_14459.owl,TRUE
ore_ont_13647.owl,TRUE
ore_ont_8486.owl,TRUE
ore_ont_10689.owl,TRUE
ore_ont_9674.owl,TRUE
ore_ont_868.owl,TRUE
ore_ont_4911.owl,TRUE
ore_ont_15703.owl,TRUE
ore_ont_3524.owl,TRUE
ore_ont_3836.owl,TRUE
ore_ont_15059.owl,TRUE
ore_ont_10926.owl,TRUE
ore_ont_12898.owl,TRUE
