ore_ont_6461.owl,0.036,0.006,0.005,0.007,0.005,0.005,0.005,0.004,0.004,0.003,0.008,0.005
ore_ont_8335.owl,0.081,0.04,0.033,0.028,0.02,0.016,0.013,0.011,0.011,0.009,0.0262,0.018000000000000002
ore_ont_2775.owl,0.064,0.028,0.037,0.018,0.013,0.017,0.014,0.012,0.012,0.011,0.0226,0.0155
ore_ont_16827.owl,0.087,0.039,0.046,0.03,0.021,0.024,0.031,0.03,0.03,0.018,0.0356,0.03
ore_ont_14588.owl,java.lang.NoClassDefFoundError: javax/xml/bind/DatatypeConverter
ore_ont_1524.owl,0.091,0.037,0.019,0.025,0.024,0.017,0.009,0.008,0.008,0.007,0.0245,0.018000000000000002
ore_ont_9462.owl,0.058,0.024,0.019,0.014,0.012,0.01,0.011,0.008,0.009,0.005,0.017,0.0115
ore_ont_15421.owl,0.162,0.045,0.035,0.028,0.02,0.019,0.018,0.016,0.023,0.022,0.0388,0.0225
ore_ont_7417.owl,0.069,0.031,0.027,0.021,0.031,0.027,0.014,0.016,0.015,0.013,0.0264,0.024
ore_ont_3936.owl,0.06,0.025,0.021,0.018,0.015,0.018,0.015,0.012,0.01,0.011,0.0205,0.0165
ore_ont_16723.owl,0.069,0.03,0.025,0.014,0.012,0.017,0.017,0.015,0.014,0.012,0.022500000000000003,0.016
ore_ont_13132.owl,0.509,0.359,0.295,0.257,0.218,0.346,0.162,0.157,0.133,0.152,0.25880000000000003,0.2375
ore_ont_13885.owl,0.089,0.025,0.023,0.02,0.017,0.024,0.015,0.021,0.019,0.018,0.0271,0.0205
ore_ont_16274.owl,0.084,0.024,0.034,0.018,0.016,0.019,0.017,0.01,0.009,0.009,0.024,0.0175
ore_ont_3205.owl,0.059,0.018,0.027,0.024,0.021,0.018,0.016,0.016,0.01,0.013,0.0222,0.018
ore_ont_16267.owl,0.125,0.059,0.031,0.024,0.026,0.026,0.019,0.023,0.023,0.023,0.037899999999999996,0.025
ore_ont_16630.owl,0.109,0.028,0.037,0.035,0.028,0.023,0.041,0.02,0.021,0.022,0.0364,0.028
ore_ont_16814.owl,0.256,0.099,0.08,0.057,0.072,0.07,0.067,0.055,0.065,0.07,0.0891,0.07
ore_ont_16197.owl,0.084,0.022,0.02,0.017,0.015,0.013,0.012,0.012,0.01,0.009,0.0214,0.013999999999999999
ore_ont_12150.owl,0.065,0.06,0.025,0.032,0.017,0.015,0.013,0.017,0.015,0.013,0.0272,0.017
ore_ont_10894.owl,0.108,0.049,0.045,0.034,0.026,0.019,0.01,0.01,0.016,0.015,0.0332,0.0225
ore_ont_9928.owl,0.047,0.01,0.008,0.007,0.006,0.006,0.005,0.005,0.004,0.005,0.0103,0.006
ore_ont_7789.owl,0.077,0.031,0.028,0.025,0.02,0.018,0.018,0.017,0.016,0.013,0.0263,0.019
ore_ont_1988.owl,0.074,0.046,0.025,0.021,0.018,0.015,0.022,0.018,0.015,0.014,0.026799999999999997,0.0195
ore_ont_3281.owl,0.097,0.045,0.058,0.045,0.036,0.017,0.016,0.014,0.014,0.014,0.0356,0.0265
ore_ont_11004.owl,java.lang.NoClassDefFoundError: javax/xml/bind/DatatypeConverter
ore_ont_7800.owl,0.1,0.029,0.025,0.02,0.018,0.018,0.014,0.014,0.013,0.013,0.0264,0.018
ore_ont_10199.owl,0.1,0.047,0.022,0.018,0.028,0.027,0.024,0.021,0.019,0.019,0.0325,0.023
ore_ont_3053.owl,org.mindswap.pellet.exceptions.InconsistentOntologyException: Cannot do reasoning with inconsistent ontologies! Reason for inconsistency: Individual http://www.mathweb.org/owl/status.owl#Satisfiable has more than one value for the functional property http://www.mathweb.org/owl/status.owl#description
ore_ont_11203.owl,0.213,0.114,0.11,0.1,0.152,0.104,0.106,0.082,0.117,0.149,0.1247,0.112
ore_ont_14379.owl,java.lang.NoClassDefFoundError: javax/xml/bind/DatatypeConverter
ore_ont_11533.owl,java.lang.NoClassDefFoundError: javax/xml/bind/DatatypeConverter
ore_ont_11592.owl,java.lang.NoClassDefFoundError: javax/xml/bind/DatatypeConverter
ore_ont_16670.owl,0.098,0.081,0.063,0.02,0.017,0.017,0.016,0.015,0.013,0.012,0.0352,0.017
ore_ont_10580.owl,0.649,0.183,0.093,0.078,0.072,0.121,0.157,0.096,0.078,0.058,0.1585,0.0945
ore_ont_6859.owl,java.lang.NoClassDefFoundError: javax/xml/bind/DatatypeConverter
ore_ont_1866.owl,0.081,0.05,0.089,0.082,0.04,0.027,0.022,0.022,0.018,0.016,0.0447,0.0335
ore_ont_15068.owl,0.094,0.045,0.035,0.023,0.015,0.016,0.02,0.012,0.027,0.014,0.030100000000000002,0.0215
ore_ont_13129.owl,java.lang.NoClassDefFoundError: javax/xml/bind/DatatypeConverter
ore_ont_4035.owl,0.501,0.699,0.347,0.369,0.373,0.359,0.389,0.424,0.363,0.356,0.418,0.371
ore_ont_5074.owl,0.073,0.019,0.015,0.013,0.011,0.01,0.011,0.007,0.011,0.006,0.017599999999999998,0.011
ore_ont_16033.owl,0.053,0.034,0.019,0.015,0.021,0.017,0.011,0.005,0.006,0.006,0.0187,0.016
ore_ont_13799.owl,java.lang.NoClassDefFoundError: javax/xml/bind/DatatypeConverter
ore_ont_10681.owl,java.lang.NoClassDefFoundError: javax/xml/bind/DatatypeConverter
ore_ont_12323.owl,0.102,0.05,0.036,0.028,0.027,0.021,0.019,0.016,0.015,0.015,0.0329,0.024
ore_ont_14800.owl,0.109,0.048,0.038,0.031,0.026,0.037,0.032,0.026,0.029,0.041,0.0417,0.0345
ore_ont_1430.owl,0.065,0.038,0.029,0.024,0.02,0.012,0.011,0.01,0.009,0.009,0.0227,0.016
ore_ont_14175.owl,0.19,0.089,0.079,0.072,0.09,0.068,0.071,0.065,0.058,0.061,0.0843,0.0715
ore_ont_1898.owl,java.lang.NoClassDefFoundError: javax/xml/bind/DatatypeConverter
ore_ont_5932.owl,0.093,0.042,0.031,0.025,0.016,0.015,0.015,0.015,0.014,0.013,0.0279,0.0155
ore_ont_4133.owl,0.185,0.083,0.058,0.035,0.026,0.019,0.019,0.018,0.03,0.029,0.0502,0.0295
ore_ont_13872.owl,0.416,0.251,0.175,0.173,0.138,0.162,0.132,0.203,0.206,0.183,0.2039,0.179
ore_ont_85.owl,java.lang.NoClassDefFoundError: javax/xml/bind/DatatypeConverter
ore_ont_15103.owl,java.lang.NoClassDefFoundError: javax/xml/bind/DatatypeConverter
ore_ont_13704.owl,java.lang.NoClassDefFoundError: javax/xml/bind/DatatypeConverter
ore_ont_13833.owl,0.053,0.009,0.007,0.006,0.005,0.005,0.005,0.005,0.005,0.005,0.0105,0.005
ore_ont_15514.owl,1.068,0.65,0.479,0.439,0.329,0.36,0.361,0.333,0.403,0.348,0.47700000000000004,0.382
ore_ont_13584.owl,0.788,0.619,0.404,0.39,0.324,0.247,0.269,0.225,0.246,0.241,0.3753,0.2965
ore_ont_15291.owl,java.lang.NoClassDefFoundError: javax/xml/bind/DatatypeConverter
ore_ont_5204.owl,0.136,0.083,0.05,0.043,0.047,0.043,0.036,0.032,0.028,0.022,0.052000000000000005,0.043
ore_ont_10009.owl,java.lang.NoClassDefFoundError: javax/xml/bind/DatatypeConverter
ore_ont_568.owl,0.264,0.156,0.112,0.082,0.088,0.076,0.079,0.064,0.067,0.088,0.1076,0.08499999999999999
ore_ont_15058.owl,0.102,0.028,0.025,0.021,0.018,0.017,0.016,0.016,0.015,0.024,0.0282,0.0195
ore_ont_4719.owl,0.134,0.069,0.035,0.031,0.026,0.023,0.021,0.018,0.018,0.025,0.04,0.025500000000000002
ore_ont_3022.owl,java.lang.NoClassDefFoundError: javax/xml/bind/DatatypeConverter
ore_ont_12369.owl,java.lang.NoClassDefFoundError: javax/xml/bind/DatatypeConverter
ore_ont_5509.owl,0.055,0.021,0.018,0.014,0.012,0.012,0.011,0.011,0.01,0.009,0.0173,0.012
ore_ont_7988.owl,java.lang.NoClassDefFoundError: javax/xml/bind/DatatypeConverter
ore_ont_15010.owl,0.328,0.143,0.114,0.098,0.081,0.077,0.066,0.06,0.056,0.064,0.1087,0.079
ore_ont_12112.owl,0.077,0.051,0.04,0.037,0.03,0.027,0.023,0.022,0.018,0.018,0.0343,0.028499999999999998
ore_ont_13398.owl,1.204,0.89,1.035,0.969,0.926,1.016,0.961,0.953,0.955,1.032,0.9941,0.965
ore_ont_7011.owl,0.894,0.382,0.398,0.339,0.243,0.348,0.279,0.331,0.3,0.262,0.3776,0.335
ore_ont_7179.owl,org.mindswap.pellet.exceptions.InconsistentOntologyException: Cannot do reasoning with inconsistent ontologies! Reason for inconsistency: Literal value "1" does not belong to datatype int
ore_ont_15596.owl,java.lang.NoClassDefFoundError: javax/xml/bind/DatatypeConverter
ore_ont_7894.owl,0.054,0.011,0.01,0.007,0.004,0.005,0.005,0.004,0.005,0.004,0.0109,0.005
ore_ont_8975.owl,java.lang.NoClassDefFoundError: javax/xml/bind/DatatypeConverter
ore_ont_10571.owl,java.lang.NoClassDefFoundError: javax/xml/bind/DatatypeConverter
ore_ont_14185.owl,0.051,0.024,0.019,0.013,0.013,0.008,0.013,0.012,0.012,0.011,0.017599999999999998,0.013
ore_ont_9690.owl,0.109,0.046,0.038,0.035,0.029,0.025,0.023,0.022,0.021,0.019,0.0367,0.027000000000000003
ore_ont_8362.owl,java.lang.NoClassDefFoundError: javax/xml/bind/DatatypeConverter
ore_ont_12566.owl,java.lang.NoClassDefFoundError: javax/xml/bind/DatatypeConverter
ore_ont_2303.owl,0.07,0.06,0.036,0.022,0.021,0.02,0.035,0.036,0.035,0.035,0.037,0.035
ore_ont_13805.owl,java.lang.NoClassDefFoundError: javax/xml/bind/DatatypeConverter
ore_ont_7668.owl,java.lang.NoClassDefFoundError: javax/xml/bind/DatatypeConverter
ore_ont_11978.owl,0.157,0.092,0.052,0.05,0.055,0.044,0.042,0.061,0.059,0.058,0.067,0.0565
ore_ont_1172.owl,0.157,0.077,0.058,0.084,0.081,0.069,0.062,0.035,0.035,0.034,0.0692,0.0655
ore_ont_8502.owl,0.053,0.015,0.013,0.01,0.009,0.007,0.008,0.008,0.007,0.008,0.0138,0.0085
ore_ont_3708.owl,0.114,0.036,0.031,0.041,0.032,0.018,0.027,0.025,0.024,0.024,0.0372,0.028999999999999998
ore_ont_5033.owl,0.103,0.038,0.031,0.044,0.025,0.02,0.03,0.029,0.025,0.024,0.036899999999999995,0.0295
ore_ont_11416.owl,0.111,0.052,0.029,0.042,0.022,0.021,0.02,0.019,0.025,0.017,0.035800000000000005,0.0235
ore_ont_1853.owl,0.115,0.038,0.031,0.026,0.025,0.022,0.02,0.018,0.017,0.016,0.0328,0.0235
ore_ont_14388.owl,0.293,0.176,0.154,0.126,0.082,0.067,0.067,0.066,0.057,0.06,0.1148,0.07450000000000001
ore_ont_13035.owl,0.425,0.209,0.112,0.11,0.118,0.086,0.083,0.121,0.123,0.135,0.1522,0.1195
ore_ont_2526.owl,0.177,0.052,0.05,0.038,0.071,0.039,0.038,0.034,0.032,0.03,0.0561,0.0385
ore_ont_12721.owl,0.142,0.07,0.034,0.025,0.024,0.023,0.021,0.032,0.03,0.031,0.043199999999999995,0.0305
ore_ont_5205.owl,0.131,0.069,0.029,0.024,0.019,0.027,0.026,0.026,0.025,0.024,0.04,0.026
ore_ont_3411.owl,0.928,0.844,0.607,0.527,0.539,0.517,0.548,0.505,0.519,0.529,0.6063000000000001,0.534
ore_ont_3966.owl,0.076,0.025,0.022,0.019,0.013,0.012,0.012,0.011,0.012,0.011,0.0213,0.0125
ore_ont_1869.owl,0.119,0.037,0.026,0.015,0.014,0.013,0.013,0.012,0.012,0.012,0.0273,0.0135
ore_ont_6615.owl,0.152,0.078,0.062,0.052,0.034,0.038,0.033,0.028,0.027,0.026,0.053,0.036000000000000004
ore_ont_2608.owl,0.209,0.117,0.097,0.061,0.057,0.074,0.056,0.042,0.054,0.046,0.0813,0.059
ore_ont_16481.owl,java.lang.NoClassDefFoundError: javax/xml/bind/DatatypeConverter
ore_ont_14883.owl,Timeout
ore_ont_4875.owl,0.04,0.01,0.008,0.01,0.006,0.006,0.005,0.006,0.006,0.008,0.0105,0.007
ore_ont_8460.owl,Timeout
ore_ont_2744.owl,java.lang.NoClassDefFoundError: javax/xml/bind/DatatypeConverter
ore_ont_1784.owl,0.633,0.364,0.286,0.298,0.338,0.301,0.221,0.22,0.245,0.245,0.3151,0.292
ore_ont_4315.owl,0.223,0.174,0.145,0.103,0.137,0.126,0.131,0.13,0.113,0.138,0.14200000000000002,0.134
ore_ont_10314.owl,0.225,0.243,0.175,0.117,0.182,0.12,0.144,0.122,0.102,0.075,0.1505,0.133
ore_ont_1537.owl,0.083,0.029,0.024,0.024,0.019,0.017,0.018,0.016,0.015,0.015,0.026,0.0185
ore_ont_15652.owl,0.079,0.027,0.022,0.044,0.029,0.025,0.013,0.012,0.017,0.013,0.0281,0.0235
ore_ont_7342.owl,java.lang.NoClassDefFoundError: javax/xml/bind/DatatypeConverter
ore_ont_3259.owl,0.273,0.356,0.187,0.195,0.163,0.141,0.143,0.153,0.192,0.179,0.1982,0.183
ore_ont_6258.owl,0.747,0.42,0.303,0.34,0.369,0.369,0.515,0.328,0.318,0.329,0.4038,0.35450000000000004
ore_ont_2556.owl,0.263,0.192,0.21,0.171,0.169,0.17,0.155,0.163,0.178,0.149,0.182,0.1705
ore_ont_5014.owl,java.lang.NoClassDefFoundError: javax/xml/bind/DatatypeConverter
ore_ont_5216.owl,0.087,0.04,0.011,0.008,0.01,0.008,0.009,0.008,0.008,0.008,0.0197,0.0085
ore_ont_6272.owl,java.lang.NoClassDefFoundError: javax/xml/bind/DatatypeConverter
ore_ont_1705.owl,0.062,0.023,0.018,0.023,0.019,0.016,0.015,0.011,0.016,0.008,0.0211,0.017
ore_ont_13762.owl,0.062,0.019,0.026,0.022,0.02,0.019,0.014,0.013,0.015,0.011,0.022099999999999998,0.019
ore_ont_934.owl,57.684,57.356,56.391,59.101,58.774,57.501,57.488,58.167,56.013,56.359,57.4834,57.4945
ore_ont_586.owl,java.lang.NoClassDefFoundError: javax/xml/bind/DatatypeConverter
ore_ont_6720.owl,org.mindswap.pellet.exceptions.InconsistentOntologyException: Cannot do reasoning with inconsistent ontologies! Reason for inconsistency: Individual http://cocktaildb.jp/liqo/orange_slice is forced to belong to class http://cocktaildb.jp/liqo/alcoholic_ingredient and its complement
ore_ont_10320.owl,java.lang.NoClassDefFoundError: javax/xml/bind/DatatypeConverter
ore_ont_6983.owl,java.lang.NoClassDefFoundError: javax/xml/bind/DatatypeConverter
ore_ont_11016.owl,0.226,0.1,0.074,0.054,0.029,0.026,0.025,0.025,0.027,0.026,0.061200000000000004,0.028
ore_ont_15682.owl,java.lang.NoClassDefFoundError: javax/xml/bind/DatatypeConverter
ore_ont_11577.owl,0.134,0.062,0.051,0.058,0.047,0.035,0.039,0.065,0.034,0.049,0.0574,0.05
ore_ont_8948.owl,java.lang.NoClassDefFoundError: javax/xml/bind/DatatypeConverter
ore_ont_16191.owl,java.lang.NoClassDefFoundError: javax/xml/bind/DatatypeConverter
ore_ont_16115.owl,0.133,0.053,0.035,0.029,0.026,0.025,0.024,0.023,0.014,0.016,0.0378,0.025500000000000002
ore_ont_5564.owl,java.lang.NoClassDefFoundError: javax/xml/bind/DatatypeConverter
ore_ont_8355.owl,0.15,0.095,0.065,0.069,0.059,0.054,0.053,0.051,0.051,0.051,0.0698,0.056499999999999995
ore_ont_11694.owl,0.183,0.057,0.049,0.037,0.017,0.029,0.015,0.015,0.016,0.014,0.043199999999999995,0.023
ore_ont_155.owl,0.314,0.121,0.085,0.085,0.088,0.088,0.097,0.057,0.054,0.077,0.1066,0.0865
ore_ont_3726.owl,java.lang.NoClassDefFoundError: javax/xml/bind/DatatypeConverter
ore_ont_7278.owl,java.lang.NoClassDefFoundError: javax/xml/bind/DatatypeConverter
ore_ont_2488.owl,0.235,0.104,0.115,0.076,0.073,0.085,0.067,0.063,0.057,0.047,0.0922,0.0745
ore_ont_3566.owl,java.lang.NoClassDefFoundError: javax/xml/bind/DatatypeConverter
ore_ont_1958.owl,0.784,0.557,0.31,0.353,0.3,0.327,0.307,0.327,0.291,0.321,0.3877,0.324
ore_ont_10230.owl,java.lang.NoClassDefFoundError: javax/xml/bind/DatatypeConverter
ore_ont_15753.owl,java.lang.NoClassDefFoundError: javax/xml/bind/DatatypeConverter
ore_ont_13898.owl,java.lang.NoClassDefFoundError: javax/xml/bind/DatatypeConverter
ore_ont_6857.owl,java.lang.NoClassDefFoundError: javax/xml/bind/DatatypeConverter
ore_ont_12932.owl,0.1,0.044,0.048,0.027,0.023,0.039,0.017,0.016,0.025,0.024,0.0363,0.026000000000000002
ore_ont_4983.owl,0.3,0.138,0.077,0.059,0.095,0.078,0.086,0.095,0.083,0.079,0.109,0.08449999999999999
ore_ont_13954.owl,java.lang.NoClassDefFoundError: javax/xml/bind/DatatypeConverter
ore_ont_3010.owl,java.lang.NoClassDefFoundError: javax/xml/bind/DatatypeConverter
ore_ont_1931.owl,java.lang.NoClassDefFoundError: javax/xml/bind/DatatypeConverter
ore_ont_15413.owl,java.lang.NoClassDefFoundError: javax/xml/bind/DatatypeConverter
ore_ont_5324.owl,0.04,0.009,0.007,0.006,0.005,0.004,0.005,0.005,0.005,0.005,0.0091,0.005
ore_ont_6278.owl,java.lang.NoClassDefFoundError: javax/xml/bind/DatatypeConverter
ore_ont_14981.owl,0.153,0.051,0.036,0.031,0.06,0.028,0.015,0.023,0.018,0.02,0.0435,0.0295
ore_ont_5834.owl,java.lang.NoClassDefFoundError: javax/xml/bind/DatatypeConverter
ore_ont_850.owl,java.lang.NoClassDefFoundError: javax/xml/bind/DatatypeConverter
ore_ont_2826.owl,java.lang.NoClassDefFoundError: javax/xml/bind/DatatypeConverter
ore_ont_10702.owl,java.lang.NoClassDefFoundError: javax/xml/bind/DatatypeConverter
ore_ont_3156.owl,java.lang.NoClassDefFoundError: javax/xml/bind/DatatypeConverter
ore_ont_8042.owl,java.lang.NoClassDefFoundError: javax/xml/bind/DatatypeConverter
ore_ont_8429.owl,0.308,0.123,0.09,0.086,0.125,0.101,0.058,0.067,0.075,0.076,0.1109,0.088
ore_ont_4469.owl,0.353,0.239,0.204,0.262,0.192,0.143,0.138,0.129,0.142,0.167,0.1969,0.1795
ore_ont_12084.owl,java.lang.NoClassDefFoundError: javax/xml/bind/DatatypeConverter
ore_ont_16425.owl,0.11,0.048,0.036,0.023,0.018,0.017,0.018,0.017,0.018,0.015,0.032,0.018
ore_ont_8280.owl,org.mindswap.pellet.exceptions.InconsistentOntologyException: Cannot do reasoning with inconsistent ontologies! Reason for inconsistency: Individual http://semanticscience.org/resource/rdbowlizer/employees:Manager.time_assigned is forced to belong to class http://semanticscience.org/resource/dl:DBKeyAttribute and its complement
ore_ont_4400.owl,0.092,0.053,0.026,0.033,0.024,0.019,0.02,0.03,0.018,0.011,0.032600000000000004,0.025
ore_ont_5539.owl,org.mindswap.pellet.exceptions.InconsistentOntologyException: Cannot do reasoning with inconsistent ontologies! Reason for inconsistency: Individual http://semanticscience.org/resource/rdbowlizer/employees:Manager.time_assigned is forced to belong to class http://semanticscience.org/resource/dl:DBKeyAttribute and its complement
ore_ont_10906.owl,org.mindswap.pellet.exceptions.InconsistentOntologyException: Cannot do reasoning with inconsistent ontologies! Reason for inconsistency: Individual http://semanticscience.org/resource/rdbowlizer/employees:Manager.time_assigned is forced to belong to class http://semanticscience.org/resource/dl:DBKeyAttribute and its complement
ore_ont_1397.owl,java.lang.NoClassDefFoundError: javax/xml/bind/DatatypeConverter
ore_ont_8786.owl,java.lang.NoClassDefFoundError: javax/xml/bind/DatatypeConverter
ore_ont_237.owl,org.mindswap.pellet.exceptions.InconsistentOntologyException: Cannot do reasoning with inconsistent ontologies! Reason for inconsistency: Individual http://semanticscience.org/resource/rdbowlizer/employees:Manager.time_assigned is forced to belong to class http://semanticscience.org/resource/dl:DBKeyAttribute and its complement
ore_ont_5206.owl,org.mindswap.pellet.exceptions.InconsistentOntologyException: Cannot do reasoning with inconsistent ontologies! Reason for inconsistency: Individual http://semanticscience.org/resource/rdbowlizer/employees:Manager.time_assigned is forced to belong to class http://semanticscience.org/resource/dl:DBKeyAttribute and its complement
ore_ont_13880.owl,org.mindswap.pellet.exceptions.InconsistentOntologyException: Cannot do reasoning with inconsistent ontologies! Reason for inconsistency: Individual http://semanticscience.org/resource/rdbowlizer/employees:Manager.time_assigned is forced to belong to class http://semanticscience.org/resource/dl:DBKeyAttribute and its complement
ore_ont_16371.owl,0.67,0.321,0.345,0.262,0.196,0.238,0.238,0.244,0.218,0.193,0.2925,0.241
ore_ont_13646.owl,0.413,0.204,0.146,0.155,0.128,0.2,0.193,0.189,0.167,0.19,0.1985,0.1895
ore_ont_11477.owl,java.lang.NoClassDefFoundError: javax/xml/bind/DatatypeConverter
ore_ont_10517.owl,0.627,0.368,0.343,0.254,0.162,0.15,0.144,0.147,0.153,0.227,0.2575,0.1945
ore_ont_13112.owl,0.142,0.07,0.06,0.042,0.026,0.026,0.027,0.028,0.03,0.024,0.0475,0.028999999999999998
ore_ont_16255.owl,0.319,0.15,0.18,0.21,0.175,0.151,0.165,0.101,0.099,0.103,0.1653,0.158
ore_ont_13404.owl,0.212,0.174,0.138,0.106,0.109,0.095,0.098,0.092,0.087,0.071,0.1182,0.10200000000000001
ore_ont_8387.owl,1.991,1.548,1.514,1.275,1.361,1.386,1.226,1.429,1.45,1.43,1.461,1.4295
ore_ont_5764.owl,1.02,0.998,0.536,0.727,0.544,0.592,0.482,0.606,0.422,0.567,0.6494,0.5794999999999999
ore_ont_6951.owl,java.lang.NoClassDefFoundError: javax/xml/bind/DatatypeConverter
ore_ont_16372.owl,org.mindswap.pellet.exceptions.InconsistentOntologyException: Cannot do reasoning with inconsistent ontologies! Reason for inconsistency: No specific explanation was generated. Generic explanation: An individual is sameAs and differentFrom another individual at the same time
ore_ont_12270.owl,0.347,0.147,0.143,0.202,0.179,0.15,0.133,0.102,0.11,0.096,0.1609,0.145
ore_ont_3344.owl,0.118,0.073,0.048,0.042,0.041,0.022,0.023,0.022,0.022,0.022,0.0433,0.032
ore_ont_4961.owl,0.685,0.378,0.241,0.312,0.354,0.195,0.197,0.394,0.193,0.243,0.3192,0.27749999999999997
ore_ont_11115.owl,0.248,0.105,0.093,0.047,0.057,0.064,0.075,0.066,0.073,0.071,0.0899,0.072
ore_ont_1211.owl,0.071,0.045,0.029,0.043,0.036,0.033,0.033,0.032,0.049,0.03,0.0401,0.0345
ore_ont_727.owl,0.074,0.038,0.07,0.042,0.036,0.031,0.049,0.044,0.037,0.032,0.0453,0.04
ore_ont_7327.owl,java.lang.NoClassDefFoundError: javax/xml/bind/DatatypeConverter
ore_ont_11572.owl,0.208,0.073,0.072,0.052,0.056,0.056,0.057,0.045,0.047,0.046,0.07119999999999999,0.056
ore_ont_7818.owl,java.lang.NoClassDefFoundError: javax/xml/bind/DatatypeConverter
ore_ont_12892.owl,0.373,0.193,0.135,0.131,0.117,0.106,0.105,0.107,0.068,0.059,0.1394,0.112
ore_ont_15030.owl,0.333,0.327,0.272,0.173,0.139,0.165,0.127,0.149,0.115,0.13,0.193,0.157
ore_ont_5688.owl,0.506,0.232,0.341,0.309,0.309,0.215,0.189,0.17,0.225,0.22,0.2716,0.2285
ore_ont_6401.owl,0.799,0.506,0.42,0.426,0.364,0.425,0.285,0.468,0.346,0.233,0.4272,0.4225
ore_ont_13413.owl,1.449,1.135,1.055,1.032,1.091,1.019,1.272,1.255,1.286,1.13,1.1723999999999999,1.1324999999999998
ore_ont_6923.owl,0.375,0.275,0.247,0.19,0.281,0.146,0.117,0.127,0.164,0.171,0.2093,0.1805
ore_ont_7007.owl,0.649,0.388,0.395,0.292,0.249,0.251,0.244,0.179,0.181,0.186,0.3014,0.25
ore_ont_14370.owl,0.782,0.379,0.305,0.288,0.244,0.254,0.305,0.248,0.269,0.35,0.3424,0.2965
ore_ont_5078.owl,0.165,0.066,0.059,0.047,0.039,0.034,0.018,0.018,0.018,0.017,0.048100000000000004,0.036500000000000005
ore_ont_12965.owl,0.111,0.078,0.063,0.035,0.026,0.021,0.029,0.03,0.032,0.031,0.0456,0.0315
ore_ont_7483.owl,0.116,0.078,0.068,0.043,0.047,0.053,0.044,0.046,0.03,0.034,0.0559,0.0465
ore_ont_8730.owl,0.143,0.063,0.054,0.061,0.1,0.049,0.054,0.067,0.053,0.063,0.0707,0.062
ore_ont_3503.owl,java.lang.NoClassDefFoundError: javax/xml/bind/DatatypeConverter
ore_ont_10026.owl,0.194,0.063,0.044,0.055,0.032,0.026,0.029,0.025,0.023,0.029,0.052000000000000005,0.0305
ore_ont_14353.owl,0.471,0.249,0.161,0.166,0.125,0.137,0.226,0.134,0.125,0.121,0.1915,0.14900000000000002
ore_ont_16056.owl,7.248,5.398,5.548,2.357,2.223,5.915,2.176,5.543,5.233,5.53,4.7171,5.464
ore_ont_13405.owl,java.lang.NoClassDefFoundError: javax/xml/bind/DatatypeConverter
ore_ont_8640.owl,0.426,0.254,0.215,0.286,0.201,0.255,0.259,0.181,0.189,0.224,0.249,0.239
ore_ont_15741.owl,0.415,0.214,0.272,0.195,0.168,0.171,0.178,0.223,0.262,0.25,0.2348,0.2185
ore_ont_14285.owl,org.mindswap.pellet.exceptions.InconsistentOntologyException: Cannot do reasoning with inconsistent ontologies! Reason for inconsistency: Individual http://www.dynalearn.eu/models/LS6-CommunicatingVessels-created20110314at11h42m00s.owl#i000000025/i000000078 is forced to belong to class http://www.science.uva.nl/~jliem/ontologies/DynaLearnQRvocabulary.owl#Aggregate and its complement
ore_ont_14667.owl,1.652,1.268,1.387,1.486,1.436,1.483,1.334,1.393,1.286,1.254,1.3979,1.3900000000000001
ore_ont_8744.owl,0.106,0.069,0.053,0.044,0.04,0.04,0.029,0.029,0.047,0.112,0.0569,0.0455
ore_ont_1117.owl,0.343,0.081,0.053,0.082,0.098,0.068,0.069,0.069,0.053,0.064,0.098,0.069
ore_ont_9947.owl,0.254,0.095,0.058,0.045,0.052,0.048,0.057,0.061,0.04,0.057,0.0767,0.057
ore_ont_3545.owl,org.mindswap.pellet.exceptions.InconsistentOntologyException: Cannot do reasoning with inconsistent ontologies! Reason for inconsistency: Literal value "IMG/Organe de Corti.gif"^^anyURI is not valid for the rdatatype anyURI
ore_ont_7778.owl,0.117,0.057,0.031,0.036,0.043,0.04,0.041,0.025,0.037,0.039,0.0466,0.0395
ore_ont_6817.owl,0.294,0.109,0.088,0.087,0.078,0.058,0.112,0.049,0.042,0.046,0.0963,0.08249999999999999
ore_ont_14912.owl,0.456,0.26,0.256,0.27,0.207,0.252,0.176,0.198,0.174,0.184,0.24330000000000002,0.22949999999999998
ore_ont_9248.owl,java.lang.NoClassDefFoundError: javax/xml/bind/DatatypeConverter
ore_ont_7817.owl,java.lang.NoClassDefFoundError: javax/xml/bind/DatatypeConverter
ore_ont_6727.owl,java.lang.NoClassDefFoundError: javax/xml/bind/DatatypeConverter
ore_ont_12325.owl,java.lang.NoClassDefFoundError: javax/xml/bind/DatatypeConverter
ore_ont_5149.owl,0.274,0.11,0.065,0.049,0.05,0.048,0.042,0.062,0.053,0.055,0.0808,0.054
ore_ont_2749.owl,org.mindswap.pellet.exceptions.InconsistentOntologyException: Cannot do reasoning with inconsistent ontologies! Reason for inconsistency: Literal value "1394" does not belong to datatype unsignedLong
ore_ont_8940.owl,0.621,0.498,0.408,0.302,0.275,0.302,0.218,0.227,0.223,0.252,0.3326,0.2885
ore_ont_7108.owl,java.lang.NoClassDefFoundError: javax/xml/bind/DatatypeConverter
ore_ont_11635.owl,0.737,0.299,0.32,0.368,0.312,0.331,0.298,0.174,0.178,0.198,0.3215,0.3055
ore_ont_572.owl,java.lang.NoClassDefFoundError: javax/xml/bind/DatatypeConverter
ore_ont_3916.owl,org.mindswap.pellet.exceptions.InconsistentOntologyException: Cannot do reasoning with inconsistent ontologies! Reason for inconsistency: Literal value "()" does not belong to datatype unsignedLong
ore_ont_4903.owl,java.lang.NoClassDefFoundError: javax/xml/bind/DatatypeConverter
ore_ont_12916.owl,java.lang.NoClassDefFoundError: javax/xml/bind/DatatypeConverter
ore_ont_7743.owl,0.237,0.123,0.073,0.09,0.048,0.074,0.091,0.066,0.07,0.051,0.0923,0.0735
ore_ont_13837.owl,6.705,5.155,5.766,5.147,5.512,5.153,6.253,6.277,6.506,5.929,5.8403,5.8475
ore_ont_7680.owl,0.18,0.112,0.089,0.129,0.111,0.086,0.082,0.083,0.076,0.056,0.1004,0.0875
ore_ont_6822.owl,java.lang.NoClassDefFoundError: javax/xml/bind/DatatypeConverter
ore_ont_6146.owl,0.904,0.546,0.352,0.313,0.333,0.257,0.182,0.236,0.22,0.226,0.3569,0.28500000000000003
ore_ont_928.owl,0.883,0.618,0.43,0.577,0.468,0.491,0.497,0.517,0.491,0.384,0.5356,0.494
ore_ont_13755.owl,0.161,0.111,0.101,0.043,0.055,0.051,0.053,0.044,0.098,0.038,0.0755,0.054
ore_ont_9053.owl,Timeout
ore_ont_3381.owl,java.lang.NoClassDefFoundError: javax/xml/bind/DatatypeConverter
ore_ont_399.owl,java.lang.NoClassDefFoundError: javax/xml/bind/DatatypeConverter
ore_ont_13139.owl,0.369,0.119,0.134,0.118,0.085,0.096,0.09,0.079,0.091,0.068,0.1249,0.0935
ore_ont_14860.owl,java.lang.NoClassDefFoundError: javax/xml/bind/DatatypeConverter
ore_ont_11910.owl,0.379,0.121,0.118,0.099,0.095,0.089,0.092,0.081,0.074,0.062,0.121,0.0935
ore_ont_9249.owl,Timeout
ore_ont_11626.owl,0.389,0.24,0.199,0.225,0.187,0.208,0.183,0.199,0.184,0.196,0.221,0.199
ore_ont_8933.owl,0.198,0.088,0.09,0.072,0.071,0.069,0.078,0.058,0.063,0.06,0.0847,0.0715
ore_ont_7372.owl,0.202,0.093,0.093,0.095,0.098,0.083,0.067,0.064,0.07,0.064,0.09290000000000001,0.088
ore_ont_14863.owl,0.16,0.088,0.058,0.045,0.039,0.035,0.043,0.039,0.036,0.036,0.0579,0.040999999999999995
ore_ont_1065.owl,0.117,0.043,0.031,0.038,0.029,0.029,0.026,0.028,0.032,0.021,0.039400000000000004,0.03
ore_ont_5669.owl,0.687,0.334,0.255,0.295,0.226,0.251,0.182,0.211,0.162,0.202,0.2805,0.2385
ore_ont_16509.owl,0.323,0.161,0.15,0.123,0.126,0.136,0.095,0.09,0.095,0.088,0.1387,0.1245
ore_ont_7180.owl,0.385,0.158,0.149,0.11,0.106,0.115,0.098,0.093,0.1,0.08,0.1394,0.108
ore_ont_12000.owl,0.43,0.315,0.281,0.282,0.26,0.291,0.257,0.266,0.246,0.238,0.2866,0.2735
ore_ont_16547.owl,0.445,0.301,0.259,0.301,0.253,0.284,0.262,0.232,0.277,0.241,0.2855,0.2695
ore_ont_15184.owl,java.lang.NoClassDefFoundError: javax/xml/bind/DatatypeConverter
ore_ont_13857.owl,java.lang.NoClassDefFoundError: javax/xml/bind/DatatypeConverter
ore_ont_14593.owl,java.lang.NoClassDefFoundError: javax/xml/bind/DatatypeConverter
ore_ont_9382.owl,java.lang.NoClassDefFoundError: javax/xml/bind/DatatypeConverter
ore_ont_9558.owl,java.lang.NoClassDefFoundError: javax/xml/bind/DatatypeConverter
ore_ont_9758.owl,java.lang.NoClassDefFoundError: javax/xml/bind/DatatypeConverter
ore_ont_6815.owl,java.lang.NoClassDefFoundError: javax/xml/bind/DatatypeConverter
ore_ont_2531.owl,java.lang.NoClassDefFoundError: javax/xml/bind/DatatypeConverter
ore_ont_14331.owl,java.lang.NoClassDefFoundError: javax/xml/bind/DatatypeConverter
ore_ont_253.owl,3.978,3.554,3.357,3.384,3.314,3.411,3.432,3.379,3.559,3.402,3.477,3.4065000000000003
ore_ont_10423.owl,java.lang.NoClassDefFoundError: javax/xml/bind/DatatypeConverter
ore_ont_6354.owl,0.994,0.768,0.531,0.518,0.529,0.497,0.513,0.516,0.488,0.481,0.5835,0.517
ore_ont_4260.owl,0.155,0.138,0.092,0.078,0.082,0.082,0.072,0.076,0.085,0.078,0.0938,0.082
ore_ont_15917.owl,0.567,0.265,0.215,0.236,0.182,0.219,0.178,0.211,0.185,0.202,0.246,0.213
ore_ont_15341.owl,0.612,0.262,0.231,0.246,0.181,0.211,0.21,0.212,0.187,0.206,0.2558,0.2115
ore_ont_13840.owl,0.547,0.269,0.222,0.257,0.204,0.235,0.202,0.238,0.188,0.208,0.257,0.22849999999999998
ore_ont_1539.owl,java.lang.NoClassDefFoundError: javax/xml/bind/DatatypeConverter
ore_ont_14255.owl,java.lang.NoClassDefFoundError: javax/xml/bind/DatatypeConverter
ore_ont_8326.owl,java.lang.NoClassDefFoundError: javax/xml/bind/DatatypeConverter
ore_ont_10588.owl,java.lang.NoClassDefFoundError: javax/xml/bind/DatatypeConverter
ore_ont_8684.owl,java.lang.NoClassDefFoundError: javax/xml/bind/DatatypeConverter
ore_ont_13150.owl,java.lang.NoClassDefFoundError: javax/xml/bind/DatatypeConverter
ore_ont_259.owl,java.lang.NoClassDefFoundError: javax/xml/bind/DatatypeConverter
ore_ont_4162.owl,java.lang.NoClassDefFoundError: javax/xml/bind/DatatypeConverter
ore_ont_8359.owl,java.lang.NoClassDefFoundError: javax/xml/bind/DatatypeConverter
ore_ont_8286.owl,java.lang.NoClassDefFoundError: javax/xml/bind/DatatypeConverter
ore_ont_4515.owl,java.lang.NoClassDefFoundError: javax/xml/bind/DatatypeConverter
ore_ont_12884.owl,java.lang.NoClassDefFoundError: javax/xml/bind/DatatypeConverter
ore_ont_16565.owl,java.lang.NoClassDefFoundError: javax/xml/bind/DatatypeConverter
ore_ont_4581.owl,java.lang.NoClassDefFoundError: javax/xml/bind/DatatypeConverter
ore_ont_9186.owl,java.lang.NoClassDefFoundError: javax/xml/bind/DatatypeConverter
ore_ont_15352.owl,java.lang.NoClassDefFoundError: javax/xml/bind/DatatypeConverter
ore_ont_8171.owl,java.lang.NoClassDefFoundError: javax/xml/bind/DatatypeConverter
ore_ont_5543.owl,java.lang.NoClassDefFoundError: javax/xml/bind/DatatypeConverter
ore_ont_9037.owl,java.lang.NoClassDefFoundError: javax/xml/bind/DatatypeConverter
ore_ont_7775.owl,3.617,2.985,2.947,2.922,2.956,2.99,2.873,2.969,2.904,2.991,3.0154,2.9625
ore_ont_12474.owl,java.lang.NoClassDefFoundError: javax/xml/bind/DatatypeConverter
ore_ont_13700.owl,java.lang.NoClassDefFoundError: javax/xml/bind/DatatypeConverter
ore_ont_13851.owl,java.lang.NoClassDefFoundError: javax/xml/bind/DatatypeConverter
ore_ont_14919.owl,java.lang.NoClassDefFoundError: javax/xml/bind/DatatypeConverter
ore_ont_8668.owl,java.lang.NoClassDefFoundError: javax/xml/bind/DatatypeConverter
ore_ont_11696.owl,java.lang.NoClassDefFoundError: javax/xml/bind/DatatypeConverter
ore_ont_16017.owl,java.lang.NoClassDefFoundError: javax/xml/bind/DatatypeConverter
ore_ont_14183.owl,java.lang.NoClassDefFoundError: javax/xml/bind/DatatypeConverter
ore_ont_6847.owl,java.lang.NoClassDefFoundError: javax/xml/bind/DatatypeConverter
ore_ont_4958.owl,java.lang.NoClassDefFoundError: javax/xml/bind/DatatypeConverter
ore_ont_4429.owl,java.lang.NoClassDefFoundError: javax/xml/bind/DatatypeConverter
ore_ont_10058.owl,java.lang.NoClassDefFoundError: javax/xml/bind/DatatypeConverter
ore_ont_3584.owl,java.lang.NoClassDefFoundError: javax/xml/bind/DatatypeConverter
ore_ont_4188.owl,java.lang.NoClassDefFoundError: javax/xml/bind/DatatypeConverter
ore_ont_4770.owl,java.lang.NoClassDefFoundError: javax/xml/bind/DatatypeConverter
ore_ont_7084.owl,java.lang.NoClassDefFoundError: javax/xml/bind/DatatypeConverter
ore_ont_11289.owl,java.lang.NoClassDefFoundError: javax/xml/bind/DatatypeConverter
ore_ont_11948.owl,java.lang.NoClassDefFoundError: javax/xml/bind/DatatypeConverter
ore_ont_8719.owl,java.lang.NoClassDefFoundError: javax/xml/bind/DatatypeConverter
ore_ont_14878.owl,java.lang.NoClassDefFoundError: javax/xml/bind/DatatypeConverter
ore_ont_4092.owl,java.lang.NoClassDefFoundError: javax/xml/bind/DatatypeConverter
ore_ont_15355.owl,0.485,0.336,0.305,0.253,0.24,0.237,0.25,0.224,0.227,0.234,0.2791,0.245
ore_ont_5298.owl,java.lang.NoClassDefFoundError: javax/xml/bind/DatatypeConverter
ore_ont_14237.owl,java.lang.NoClassDefFoundError: javax/xml/bind/DatatypeConverter
ore_ont_13679.owl,java.lang.NoClassDefFoundError: javax/xml/bind/DatatypeConverter
ore_ont_7537.owl,java.lang.NoClassDefFoundError: javax/xml/bind/DatatypeConverter
ore_ont_5398.owl,java.lang.NoClassDefFoundError: javax/xml/bind/DatatypeConverter
ore_ont_336.owl,java.lang.NoClassDefFoundError: javax/xml/bind/DatatypeConverter
ore_ont_9534.owl,java.lang.NoClassDefFoundError: javax/xml/bind/DatatypeConverter
ore_ont_14286.owl,0.186,0.128,0.091,0.077,0.074,0.094,0.089,0.07,0.081,0.067,0.09570000000000001,0.08499999999999999
ore_ont_2213.owl,java.lang.NoClassDefFoundError: javax/xml/bind/DatatypeConverter
ore_ont_11989.owl,java.lang.NoClassDefFoundError: javax/xml/bind/DatatypeConverter
ore_ont_12468.owl,java.lang.NoClassDefFoundError: javax/xml/bind/DatatypeConverter
ore_ont_13674.owl,java.lang.NoClassDefFoundError: javax/xml/bind/DatatypeConverter
ore_ont_9896.owl,0.507,0.272,0.227,0.186,0.199,0.171,0.177,0.148,0.163,0.154,0.2204,0.1815
ore_ont_3771.owl,0.231,0.079,0.075,0.069,0.064,0.067,0.058,0.068,0.061,0.055,0.0827,0.0675
ore_ont_891.owl,java.lang.NoClassDefFoundError: javax/xml/bind/DatatypeConverter
ore_ont_10892.owl,java.lang.NoClassDefFoundError: javax/xml/bind/DatatypeConverter
ore_ont_4423.owl,java.lang.NoClassDefFoundError: javax/xml/bind/DatatypeConverter
ore_ont_1062.owl,java.lang.NoClassDefFoundError: javax/xml/bind/DatatypeConverter
ore_ont_14367.owl,java.lang.NoClassDefFoundError: javax/xml/bind/DatatypeConverter
ore_ont_8688.owl,java.lang.NoClassDefFoundError: javax/xml/bind/DatatypeConverter
ore_ont_6892.owl,java.lang.NoClassDefFoundError: javax/xml/bind/DatatypeConverter
ore_ont_7015.owl,0.108,0.045,0.061,0.045,0.062,0.049,0.046,0.033,0.045,0.05,0.0544,0.0475
ore_ont_13078.owl,5.225,4.419,4.312,4.272,4.22,4.348,4.203,4.267,4.096,4.113,4.3475,4.269500000000001
ore_ont_7188.owl,4.524,3.972,4.01,4.048,4.038,3.9,4.169,4.089,4.103,4.162,4.1015,4.0685
ore_ont_15013.owl,0.744,0.558,0.472,0.466,0.466,0.446,0.414,0.41,0.427,0.423,0.48260000000000003,0.456
ore_ont_4587.owl,java.lang.NoClassDefFoundError: javax/xml/bind/DatatypeConverter
ore_ont_13336.owl,0.977,0.811,0.574,0.638,0.555,0.545,0.523,0.499,0.472,0.471,0.6065,0.55
ore_ont_12152.owl,42.836,36.764,37.707,38.304,38.131,37.474,38.277,38.579,37.721,37.294,38.3087,37.926
ore_ont_10481.owl,44.423,37.066,37.654,37.87,37.315,37.911,37.803,36.646,37.539,38.413,38.264,37.7285
ore_ont_16759.owl,43.335,39.67,39.033,39.812,39.711,38.208,39.774,40.348,40.127,39.921,39.9939,39.793
ore_ont_16124.owl,41.393,38.549,38.586,38.684,38.666,39.057,38.434,37.523,39.229,39.041,38.916199999999996,38.675
ore_ont_1469.owl,40.449,37.862,36.32,36.887,37.186,37.604,37.088,37.412,37.523,36.793,37.5124,37.299
ore_ont_11124.owl,1.576,1.437,173.689,1.482,1.623,1.568,1.651,739.008,1.466,62.972,98.6472,1.5995
ore_ont_11131.owl,1.316,1.041,0.554,0.628,0.545,0.657,0.526,0.64,0.516,0.577,0.7,0.6025
ore_ont_4182.owl,0.968,0.564,0.527,0.499,0.478,0.459,0.498,0.482,0.518,0.447,0.544,0.4985
ore_ont_11305.owl,java.lang.NoClassDefFoundError: javax/xml/bind/DatatypeConverter
ore_ont_1965.owl,47.593,42.349,41.643,43.611,41.667,41.257,41.897,40.932,41.982,41.381,42.4312,41.782
ore_ont_15475.owl,53.333,50.917,55.163,50.363,51.074,51.625,48.421,50.869,51.497,58.085,52.1347,51.2855
ore_ont_8844.owl,68.831,74.824,65.566,65.504,64.363,66.445,68.321,64.614,58.641,59.907,65.7016,65.535
ore_ont_14191.owl,56.674,57.459,59.571,67.516,58.537,58.235,56.759,56.682,58.735,58.245,58.841300000000004,58.239999999999995
ore_ont_9800.owl,1.274,0.771,0.587,0.494,0.53,0.498,0.498,0.455,0.493,0.461,0.6061,0.498
ore_ont_4780.owl,61.564,63.244,70.589,67.851,63.274,63.358,62.562,68.382,68.772,68.218,65.7814,65.6045
ore_ont_3839.owl,0.304,0.194,0.193,0.217,0.179,0.174,0.176,0.167,0.181,0.183,0.1968,0.182
ore_ont_9257.owl,0.282,0.272,0.155,0.171,0.174,0.155,0.137,0.174,0.142,0.162,0.1824,0.1665
ore_ont_10608.owl,0.691,0.501,0.366,0.34,0.387,0.305,1.019,0.274,0.268,0.286,0.4437,0.353
ore_ont_10991.owl,0.384,0.317,0.188,0.152,0.206,0.14,0.15,0.124,0.15,0.119,0.193,0.151
ore_ont_14258.owl,0.191,0.079,0.095,0.078,0.037,0.034,0.032,0.038,0.039,0.043,0.0666,0.040999999999999995
ore_ont_7488.owl,0.576,0.348,0.284,0.246,0.149,0.156,0.191,0.182,0.212,0.187,0.2531,0.2015
ore_ont_13124.owl,1.208,0.673,0.483,0.617,0.492,0.457,0.457,0.478,0.657,0.42,0.5942,0.4875
ore_ont_5841.owl,0.739,0.388,0.474,0.323,0.303,0.257,0.283,0.303,0.306,0.261,0.3637,0.3045
ore_ont_7195.owl,0.534,0.285,0.29,0.25,0.212,0.249,0.209,0.246,0.208,0.241,0.2724,0.2475
ore_ont_16453.owl,0.267,0.176,0.224,0.116,0.143,0.131,0.126,0.182,0.133,0.11,0.1608,0.138
ore_ont_13949.owl,0.499,0.295,0.259,0.285,0.29,0.238,0.257,0.227,0.264,0.224,0.2838,0.2615
ore_ont_15921.owl,0.388,0.356,0.251,0.183,0.235,0.235,0.174,0.214,0.21,0.174,0.242,0.22449999999999998
ore_ont_5492.owl,0.213,0.102,0.064,0.053,0.074,0.064,0.058,0.058,0.053,0.055,0.0794,0.061
ore_ont_1112.owl,0.21,0.126,0.063,0.062,0.06,0.078,0.098,0.067,0.057,0.046,0.0867,0.065
ore_ont_12665.owl,0.199,0.068,0.068,0.063,0.064,0.076,0.058,0.049,0.056,0.064,0.0765,0.064
ore_ont_9881.owl,625.482,633.585,633.958,631.333,631.857,635.688,654.21,638.326,630.594,661.041,637.6074,633.7715000000001
ore_ont_11411.owl,656.934,674.013,673.362,643.087,643.503,638.705,634.717,634.046,634.036,634.974,646.7377,640.896
ore_ont_10197.owl,626.496,629.29,655.108,654.074,646.931,631.413,664.09,659.446,651.092,654.614,647.2554,652.583
ore_ont_9386.owl,Timeout
ore_ont_16750.owl,Timeout
ore_ont_950.owl,23.498,22.813,23.223,23.573,23.621,23.902,23.01,23.347,23.064,23.072,23.3123,23.285
ore_ont_13991.owl,8.57,7.38,7.131,7.199,7.138,7.076,7.159,7.208,7.125,7.137,7.3123,7.1485
ore_ont_7203.owl,10.76,9.105,9.201,9.859,9.506,9.424,9.499,9.17,8.244,9.571,9.4339,9.461500000000001
ore_ont_9596.owl,0.337,0.299,0.235,0.152,0.148,0.124,0.13,0.119,0.134,0.113,0.1791,0.14100000000000001
ore_ont_4609.owl,27.533,28.354,29.66,32.218,34.878,31.476,31.411,33.649,35.277,35.01,31.9466,31.847
ore_ont_15680.owl,34.302,34.7,34.169,34.999,34.121,27.972,26.429,33.417,35.199,34.429,32.9737,34.2355
ore_ont_8627.owl,98.71,38.748,41.572,32.129,33.321,32.842,33.626,73.791,43.321,32.951,46.101099999999995,36.187
ore_ont_3781.owl,0.17,0.105,0.085,0.123,0.076,0.062,0.065,0.057,0.058,0.058,0.0859,0.07050000000000001
ore_ont_7356.owl,0.602,0.492,0.379,0.319,0.201,0.215,0.178,0.174,0.168,0.179,0.2907,0.20800000000000002
ore_ont_10425.owl,java.lang.NoClassDefFoundError: javax/xml/bind/DatatypeConverter
ore_ont_4567.owl,java.lang.NoClassDefFoundError: javax/xml/bind/DatatypeConverter
ore_ont_10384.owl,0.814,0.588,0.461,0.46,0.49,0.444,0.441,0.44,0.445,0.438,0.5021,0.4525
ore_ont_2624.owl,0.727,0.566,0.505,0.515,0.515,0.459,0.474,0.457,0.449,0.453,0.512,0.4895
ore_ont_22.owl,0.431,0.312,0.296,0.3,0.252,0.311,0.265,0.262,0.254,0.248,0.2931,0.28049999999999997
ore_ont_8705.owl,1.126,0.851,0.854,0.583,0.542,0.521,0.511,0.5,0.5,0.51,0.6497999999999999,0.5315000000000001
ore_ont_2578.owl,1.353,1.088,0.798,0.57,0.547,0.502,0.484,0.485,0.494,0.464,0.6785,0.5245
ore_ont_3516.owl,4.701,4.157,4.233,4.206,4.154,4.074,4.149,4.139,4.243,4.046,4.2102,4.1555
ore_ont_15063.owl,java.lang.NoClassDefFoundError: javax/xml/bind/DatatypeConverter
ore_ont_8779.owl,0.653,0.366,0.2,0.237,0.204,0.18,0.204,0.182,0.194,0.182,0.2602,0.202
ore_ont_8882.owl,24.854,19.815,19.187,26.659,24.057,27.031,22.49,33.327,20.514,32.723,25.0657,24.4555
ore_ont_7345.owl,java.lang.NoClassDefFoundError: javax/xml/bind/DatatypeConverter
ore_ont_9303.owl,java.lang.NoClassDefFoundError: javax/xml/bind/DatatypeConverter
ore_ont_2792.owl,java.lang.NoClassDefFoundError: javax/xml/bind/DatatypeConverter
ore_ont_5721.owl,0.637,0.332,0.325,0.273,0.301,0.271,0.281,0.264,0.256,0.262,0.32020000000000004,0.277
ore_ont_802.owl,java.lang.NoClassDefFoundError: javax/xml/bind/DatatypeConverter
ore_ont_15871.owl,java.lang.NoClassDefFoundError: javax/xml/bind/DatatypeConverter
ore_ont_205.owl,Timeout
ore_ont_13082.owl,org.mindswap.pellet.exceptions.InconsistentOntologyException: Cannot do reasoning with inconsistent ontologies! Reason for inconsistency: Literal value "Eine Folge von Wochentagen"@de does not belong to datatype string
ore_ont_4639.owl,2.588,2.33,2.325,2.32,2.359,2.371,2.472,2.357,2.409,2.348,2.3879,2.358
ore_ont_7251.owl,0.255,0.116,0.106,0.158,0.099,0.083,0.076,0.091,0.079,0.078,0.11410000000000001,0.095
ore_ont_10949.owl,java.lang.StackOverflowError
ore_ont_8148.owl,java.lang.NoClassDefFoundError: javax/xml/bind/DatatypeConverter
ore_ont_6792.owl,1595.053,1687.076,209.477,213.289,1488.136,1682.448,1657.366,1491.151,1671.657,219.473,1191.5126,1543.102
ore_ont_1767.owl,0.093,0.075,0.105,0.043,0.06,0.044,0.031,0.034,0.036,0.033,0.0554,0.0435
ore_ont_12191.owl,java.lang.NoClassDefFoundError: javax/xml/bind/DatatypeConverter
ore_ont_3562.owl,5.985,5.254,5.71,5.755,4.924,4.736,5.202,4.683,4.7,4.675,5.1624,5.063000000000001
ore_ont_668.owl,java.lang.NoClassDefFoundError: javax/xml/bind/DatatypeConverter
ore_ont_8989.owl,org.mindswap.pellet.exceptions.InconsistentOntologyException: Cannot do reasoning with inconsistent ontologies! Reason for inconsistency: Literal value "1064" does not belong to datatype unsignedLong
ore_ont_4127.owl,3.175,2.615,2.607,2.639,2.464,2.592,2.554,2.509,2.542,2.488,2.6185,2.573
ore_ont_13690.owl,1.622,1.017,0.647,0.683,0.653,0.601,0.617,0.644,0.65,0.641,0.7775,0.6485000000000001
ore_ont_4662.owl,0.279,0.163,0.139,0.136,0.16,0.118,0.092,0.102,0.085,0.091,0.1365,0.127
ore_ont_257.owl,java.lang.NoClassDefFoundError: javax/xml/bind/DatatypeConverter
ore_ont_13230.owl,java.lang.NoClassDefFoundError: javax/xml/bind/DatatypeConverter
ore_ont_12284.owl,0.326,0.23,0.191,0.174,0.208,0.159,0.181,0.149,0.154,0.157,0.1929,0.1775
ore_ont_11126.owl,java.lang.NoClassDefFoundError: javax/xml/bind/DatatypeConverter
ore_ont_2719.owl,0.355,0.203,0.209,0.188,0.159,0.156,0.133,0.17,0.164,0.15,0.1887,0.167
ore_ont_9792.owl,0.667,0.427,0.324,0.338,0.319,0.324,0.319,0.318,0.329,0.323,0.3688,0.324
ore_ont_10080.owl,Timeout
ore_ont_8792.owl,0.288,0.392,0.218,0.166,0.175,0.171,0.152,0.149,0.141,0.139,0.1991,0.1685
ore_ont_10951.owl,Timeout
ore_ont_5548.owl,java.lang.OutOfMemoryError: Java heap space: failed reallocation of scalar replaced objects
ore_ont_1743.owl,4.438,4.295,4.204,4.007,3.99,3.869,4.456,3.944,3.885,3.791,4.0879,3.9985
ore_ont_5368.owl,0.763,0.466,0.33,0.3,0.266,0.264,0.25,0.249,0.237,0.249,0.3374,0.265
ore_ont_9577.owl,java.lang.NoClassDefFoundError: javax/xml/bind/DatatypeConverter
ore_ont_4775.owl,Timeout
ore_ont_13052.owl,org.mindswap.pellet.exceptions.InconsistentOntologyException: Cannot do reasoning with inconsistent ontologies! Reason for inconsistency: Individual http://lsdis.cs.uga.edy/EnzyO.owl#R03004 has more than one value for the functional property http://lsdis.cs.uga.edy/EnzyO.owl#has_ec_num
ore_ont_9739.owl,Timeout
ore_ont_239.owl,Timeout
ore_ont_8441.owl,2.384,1.322,1.093,0.997,0.871,0.794,0.811,0.823,0.913,0.775,1.0783,0.892
ore_ont_7174.owl,1.544,1.102,0.856,0.84,0.833,0.815,0.792,0.801,0.828,0.783,0.9194,0.8305
ore_ont_1954.owl,0.614,0.383,0.249,0.248,0.262,0.231,0.239,0.237,0.226,0.228,0.2917,0.2435
ore_ont_11282.owl,3.882,3.291,3.047,3.348,3.089,3.175,2.998,3.27,2.929,2.971,3.2,3.1319999999999997
ore_ont_7706.owl,2.125,1.742,1.602,1.456,1.47,1.423,1.438,1.431,1.407,1.482,1.5576,1.463
ore_ont_16542.owl,Timeout
ore_ont_14223.owl,1.757,1.182,0.918,0.84,0.828,0.822,0.814,0.802,0.773,0.786,0.9521999999999999,0.825
ore_ont_11085.owl,116.012,115.245,116.285,115.791,119.874,115.327,118.064,117.879,118.43,115.459,116.8366,116.1485
ore_ont_12452.owl,1.169,0.737,0.556,0.621,0.488,0.506,0.503,0.508,0.473,0.497,0.6058,0.507
ore_ont_9694.owl,Timeout
ore_ont_14897.owl,Timeout
ore_ont_1330.owl,39.151,38.807,38.162,39.104,39.374,38.097,38.91,38.7,38.582,java.lang.StackOverflowError
ore_ont_12992.owl,24.252,24.524,23.396,23.417,23.436,23.283,22.835,23.534,24.981,23.804,23.7462,23.485
ore_ont_9684.owl,Timeout
ore_ont_10391.owl,java.lang.NoClassDefFoundError: javax/xml/bind/DatatypeConverter
ore_ont_13526.owl,java.lang.NoClassDefFoundError: javax/xml/bind/DatatypeConverter
ore_ont_8480.owl,Timeout
ore_ont_13233.owl,Timeout
ore_ont_4049.owl,java.lang.NoClassDefFoundError: javax/xml/bind/DatatypeConverter
ore_ont_6444.owl,Timeout
ore_ont_11311.owl,Timeout
ore_ont_16703.owl,0.256,0.122,0.107,0.128,0.117,0.11,0.098,0.089,0.087,0.085,0.1199,0.1085
ore_ont_11597.owl,0.294,0.192,0.116,0.095,0.099,0.093,0.101,0.099,0.086,0.09,0.1265,0.099
ore_ont_13359.owl,0.342,0.153,0.131,0.11,0.114,0.114,0.122,0.108,0.115,0.101,0.14100000000000001,0.1145
ore_ont_7401.owl,16.024,15.278,14.89,17.658,13.724,17.094,18.864,16.146,17.92,15.159,16.2757,16.085
ore_ont_1833.owl,java.lang.NoClassDefFoundError: javax/xml/bind/DatatypeConverter
ore_ont_1115.owl,0.356,0.167,0.137,0.125,0.129,0.125,0.136,0.127,0.12,0.12,0.1542,0.128
ore_ont_6478.owl,0.416,0.184,0.161,0.135,0.138,0.119,0.118,0.113,0.114,0.121,0.1619,0.128
ore_ont_9347.owl,0.656,0.402,0.232,0.229,0.214,0.216,0.219,0.311,0.238,0.274,0.2991,0.235
ore_ont_13684.owl,32.36,31.931,31.89,28.271,28.637,28.125,28.98,29.554,28.361,28.703,29.6812,28.8415
ore_ont_14909.owl,1.094,0.82,0.738,0.698,0.75,0.693,0.643,0.644,0.693,0.781,0.7554,0.718
ore_ont_15991.owl,Timeout
ore_ont_13136.owl,Timeout
ore_ont_1634.owl,Timeout
ore_ont_14012.owl,Timeout
ore_ont_5253.owl,2.301,1.712,1.343,1.449,1.51,1.33,1.263,1.2,1.422,1.412,1.4942,1.4169999999999998
ore_ont_5193.owl,1.561,1.198,1.015,1.075,1.037,1.006,1.045,1.041,1.059,1.079,1.1116,1.052
ore_ont_5059.owl,2.385,1.971,1.794,1.826,1.816,1.72,1.734,1.779,1.756,1.642,1.8423,1.7865
ore_ont_15536.owl,Timeout
ore_ont_10965.owl,0.263,0.17,0.139,0.132,0.132,0.129,0.125,0.124,0.123,0.126,0.1463,0.1305
ore_ont_1840.owl,0.252,0.204,0.136,0.137,0.138,0.129,0.122,0.126,0.126,0.123,0.1493,0.1325
ore_ont_4141.owl,java.lang.NoClassDefFoundError: javax/xml/bind/DatatypeConverter
ore_ont_11110.owl,2.025,1.677,1.57,1.513,1.544,1.514,1.511,1.502,1.704,1.531,1.6091,1.5375
ore_ont_3737.owl,2.086,1.752,1.626,1.628,1.578,1.586,1.543,1.58,1.597,1.625,1.6601,1.611
ore_ont_191.owl,2.21,1.694,1.743,1.651,1.592,1.585,1.572,1.612,1.621,1.578,1.6858,1.6165
ore_ont_7389.owl,Timeout
ore_ont_5544.owl,0.605,0.298,0.316,0.269,0.275,0.275,0.271,0.262,0.282,0.275,0.3128,0.275
ore_ont_7416.owl,Timeout
ore_ont_7607.owl,java.lang.NoClassDefFoundError: javax/xml/bind/DatatypeConverter
ore_ont_5103.owl,Timeout
ore_ont_1966.owl,3.814,3.021,2.718,2.573,2.706,2.531,2.719,2.562,2.636,2.51,2.779,2.6710000000000003
ore_ont_773.owl,0.362,0.261,0.288,0.195,0.184,0.191,0.199,0.199,0.194,0.181,0.2254,0.197
ore_ont_7803.owl,22.614,21.39,26.471,28.375,32.465,30.396,25.616,21.827,30.322,27.739,26.7215,27.105
ore_ont_2291.owl,0.976,0.739,0.56,0.551,0.588,0.566,0.555,0.574,0.522,0.567,0.6198,0.5665
ore_ont_15557.owl,1.031,0.658,0.594,0.573,0.564,0.574,0.555,0.545,0.582,0.567,0.6243,0.5734999999999999
ore_ont_3954.owl,0.349,0.242,0.19,0.19,0.221,0.178,0.197,0.173,0.18,0.182,0.2102,0.19
ore_ont_14543.owl,3.112,2.602,2.803,2.506,2.606,2.725,2.763,2.793,2.635,2.699,2.7244,2.7119999999999997
ore_ont_6120.owl,3.947,3.723,3.536,3.28,3.539,3.426,3.454,3.316,3.386,3.446,3.5053,3.45
ore_ont_5755.owl,0.352,0.249,0.234,0.218,0.206,0.236,0.211,0.224,0.225,0.224,0.2379,0.2245
ore_ont_9567.owl,0.377,0.265,0.245,0.223,0.222,0.214,0.223,0.237,0.229,0.208,0.2443,0.226
ore_ont_15237.owl,Timeout
ore_ont_12448.owl,3.194,2.788,2.658,2.706,2.753,2.674,2.638,2.689,2.633,2.769,2.7502,2.6975
ore_ont_9046.owl,2.404,2.029,1.86,2.033,2.025,2.056,1.942,1.905,1.957,2.08,2.0291,2.027
ore_ont_14556.owl,571.723,577.841,580.156,569.389,574.537,581.79,583.078,586.481,592.206,588.275,580.5476,580.973
ore_ont_7914.owl,Timeout
ore_ont_13708.owl,org.mindswap.pellet.exceptions.InconsistentOntologyException: Cannot do reasoning with inconsistent ontologies! Reason for inconsistency: Individual http://www.loa-cnr.it/ontologies/OWN/OWN.owl#VANCOUVER is forced to belong to class http://www.loa-cnr.it/ontologies/ExtendedDnS.owl#non-agentive-figure and its complement
ore_ont_11457.owl,org.mindswap.pellet.exceptions.InconsistentOntologyException: Cannot do reasoning with inconsistent ontologies! Reason for inconsistency: Individual http://www.loa-cnr.it/ontologies/WordNet/OWN#VALPARAISO is forced to belong to class http://www.loa-cnr.it/ontologies/ExtendedDnS.owl#non-agentive-figure and its complement
ore_ont_16315.owl,Timeout
ore_ont_8723.owl,Timeout
ore_ont_16184.owl,org.mindswap.pellet.exceptions.InconsistentOntologyException: Cannot do reasoning with inconsistent ontologies! Reason for inconsistency: No specific explanation was generated. Generic explanation: An individual belongs to a type and its complement
ore_ont_12522.owl,Timeout
ore_ont_1123.owl,org.mindswap.pellet.exceptions.InconsistentOntologyException: Cannot do reasoning with inconsistent ontologies! Reason for inconsistency: Individual http://purl.org/obo/owl/obo#Europhenome_Terms is forced to belong to class http://www.loria.fr/~coulet/ontology/snpontology/version1.5/snpontology_full.owl#haplotype and its complement
ore_ont_3873.owl,2.773,2.491,2.586,2.457,2.295,2.291,2.232,2.234,2.311,2.279,2.3949,2.303
ore_ont_5781.owl,205.221,221.94,234.147,230.501,236.61,224.781,224.471,213.286,224.071,224.633,223.9661,224.55200000000002
ore_ont_16511.owl,0.774,0.549,0.425,0.39,0.402,0.38,0.448,0.463,0.374,0.373,0.4578,0.4135
ore_ont_11207.owl,Timeout
ore_ont_6816.owl,5.708,5.281,5.202,5.133,5.13,5.136,5.29,5.117,5.211,5.374,5.2582,5.2065
ore_ont_10127.owl,Timeout
ore_ont_8858.owl,249.816,255.322,278.787,275.845,279.043,252.25,240.427,262.869,268.258,267.508,263.0125,265.1885
ore_ont_13928.owl,415.654,411.498,404.626,440.039,462.302,513.051,466.532,418.115,482.183,621.59,463.559,451.1705
ore_ont_8068.owl,2.482,2.26,2.184,2.071,2.046,2.118,2.142,1.996,2.018,1.994,2.1311,2.0945
ore_ont_14221.owl,Timeout
ore_ont_2415.owl,9.998,8.341,7.765,7.707,7.951,7.567,7.724,7.679,7.775,7.681,8.0188,7.7445
ore_ont_14601.owl,Timeout
ore_ont_10068.owl,1.531,1.115,1.008,1.016,1.054,1.038,1.015,0.967,0.948,0.95,1.0642,1.0154999999999998
ore_ont_12414.owl,2.702,2.544,2.397,2.504,2.439,2.429,2.394,2.405,2.691,2.449,2.4954,2.444
ore_ont_11053.owl,184.771,138.047,144.582,139.337,138.306,137.606,145.236,156.647,151.608,154.587,149.0727,144.909
ore_ont_16235.owl,14.982,13.958,14.069,14.049,14.113,14.051,13.936,14.888,14.015,13.846,14.1907,14.05
ore_ont_4033.owl,147.229,133.634,132.672,133.771,129.772,124.635,147.642,169.197,178.11,157.924,145.4586,140.5
ore_ont_15687.owl,java.lang.NoClassDefFoundError: javax/xml/bind/DatatypeConverter
ore_ont_16767.owl,Timeout
ore_ont_14742.owl,Timeout
ore_ont_1043.owl,109.855,109.235,108.881,109.486,107.075,109.356,107.385,103.542,108.128,110.025,108.2968,109.05799999999999
ore_ont_955.owl,Timeout
ore_ont_13969.owl,77.083,78.22,79.179,78.784,77.851,78.832,78.167,79.292,79.546,80.81,78.7764,78.80799999999999
ore_ont_12651.owl,78.548,79.122,77.001,77.036,77.012,75.99,79.289,78.97,76.597,79.405,77.897,77.792
ore_ont_4744.owl,75.379,76.23,78.546,77.186,77.22,77.781,78.151,79.446,76.585,79.858,77.6382,77.5005
ore_ont_3733.owl,6.52,5.598,5.275,5.293,5.336,5.268,5.259,5.153,5.264,5.06,5.4026,5.2715
ore_ont_4054.owl,20.104,19.843,20.043,20.497,20.359,20.024,19.993,20.322,20.065,19.845,20.1095,20.054000000000002
ore_ont_5358.owl,19.579,18.787,18.983,19.492,18.976,19.234,18.856,19.318,19.052,19.046,19.1323,19.049
ore_ont_14355.owl,4.878,4.168,4.229,3.978,4.154,3.949,4.165,4.238,3.921,4.181,4.1861,4.1665
ore_ont_15133.owl,7.287,6.921,6.704,6.695,6.74,6.721,6.824,6.934,6.631,6.749,6.8206,6.7445
ore_ont_11827.owl,7.254,6.741,6.409,6.644,6.782,6.678,6.818,6.752,6.633,6.57,6.7280999999999995,6.7095
ore_ont_16286.owl,35.916,33.473,34.933,35.748,34.819,37.92,35.409,36.021,37.068,37.712,35.9019,35.831999999999994
ore_ont_11287.owl,org.mindswap.pellet.exceptions.InconsistentOntologyException: Cannot do reasoning with inconsistent ontologies! Reason for inconsistency: Literal value "21747" does not belong to datatype int
ore_ont_14154.owl,Timeout
ore_ont_15725.owl,Timeout
ore_ont_11459.owl,77.261,73.519,72.733,74.782,74.326,75.292,75.019,78.887,78.963,77.835,75.8617,75.1555
ore_ont_6627.owl,Timeout
ore_ont_4242.owl,Timeout
ore_ont_8787.owl,68.441,68.4,68.927,69.285,67.075,66.562,67.209,66.265,67.819,66.703,67.6686,67.51400000000001
ore_ont_1370.owl,java.util.ConcurrentModificationException
ore_ont_4755.owl,14.71,13.507,13.428,13.183,13.431,13.536,13.924,13.511,13.421,13.487,13.6138,13.497
ore_ont_14861.owl,16.771,15.226,14.904,15.054,15.205,15.021,14.92,15.526,15.397,15.15,15.317400000000001,15.1775
ore_ont_15621.owl,Timeout
ore_ont_10838.owl,Timeout
ore_ont_318.owl,4.766,4.773,4.626,4.394,4.464,4.692,4.671,4.713,4.673,4.67,4.6442,4.672000000000001
ore_ont_3087.owl,Timeout
ore_ont_10697.owl,Timeout
ore_ont_9767.owl,4.911,4.843,4.621,4.434,4.796,4.623,4.474,4.557,4.412,4.461,4.6132,4.589
ore_ont_5418.owl,5.097,4.678,4.733,4.604,4.766,4.682,4.696,4.621,4.716,4.682,4.7275,4.689
ore_ont_8194.owl,41.73,29.382,27.977,27.414,27.393,28.082,30.455,34.521,38.898,30.378,31.623,29.880000000000003
ore_ont_8475.owl,Timeout
ore_ont_2046.owl,236.772,192.448,159.368,171.702,187.737,176.761,184.221,167.863,194.318,215.454,188.6644,185.97899999999998
ore_ont_1182.owl,Timeout
ore_ont_11745.owl,Timeout
ore_ont_4557.owl,371.662,334.568,350.348,356.853,314.939,329.38,375.546,338.932,421.66,427.318,362.1206,353.6005
ore_ont_11315.owl,22.985,23.354,24.625,24.398,23.33,23.855,23.648,23.099,23.995,23.865,23.7154,23.7515
ore_ont_11899.owl,27.25,24.653,24.185,24.631,25.328,24.503,24.217,25.378,25.076,25.732,25.095299999999998,24.8645
ore_ont_9400.owl,60.827,59.776,59.023,58.916,58.395,58.626,58.827,57.676,58.727,59.191,58.998400000000004,58.8715
ore_ont_5602.owl,566.008,500.303,374.654,371.38,363.774,370.393,384.841,363.626,362.392,368.464,402.5835,370.88649999999996
ore_ont_9768.owl,377.073,381.871,333.196,351.135,399.515,350.076,354.502,352.792,376.28,363.316,363.9756,358.909
ore_ont_15846.owl,Timeout
ore_ont_1579.owl,Timeout
ore_ont_751.owl,6.855,6.609,6.116,6.555,6.161,6.195,6.315,6.21,6.206,6.333,6.3555,6.2625
ore_ont_14216.owl,529.554,517.252,519.384,513.651,435.178,478.504,463.119,483.476,497.126,522.675,495.9919,505.38849999999996
ore_ont_11464.owl,0.513,0.405,0.367,0.399,0.326,0.328,0.416,0.391,0.382,0.355,0.3882,0.3865
ore_ont_12901.owl,Timeout
ore_ont_5769.owl,Timeout
ore_ont_7557.owl,Timeout
ore_ont_5295.owl,Timeout
ore_ont_5481.owl,3.899,3.373,3.367,3.277,3.317,3.36,3.117,3.319,3.218,3.199,3.3446,3.318
ore_ont_10073.owl,3.755,3.41,3.388,3.298,3.275,3.325,3.458,3.478,3.461,3.407,3.4255,3.4085
ore_ont_5218.owl,Timeout
ore_ont_2253.owl,525.362,531.246,510.397,565.817,514.811,481.137,475.364,396.796,385.744,454.679,484.1353,495.767
ore_ont_2111.owl,Timeout
ore_ont_1886.owl,6.205,5.657,5.654,5.774,5.496,5.722,5.807,5.803,5.566,5.552,5.7236,5.689500000000001
ore_ont_16701.owl,Timeout
ore_ont_3164.owl,Timeout
ore_ont_1199.owl,Timeout
ore_ont_7993.owl,500.611,499.665,514.945,502.36,507.063,534.452,576.982,530.743,531.545,476.804,517.517,511.004
ore_ont_12528.owl,java.util.ConcurrentModificationException
ore_ont_13106.owl,Timeout
ore_ont_5760.owl,590.913,583.621,621.696,572.273,616.983,603.286,657.269,603.101,670.454,656.181,617.5777,610.1344999999999
ore_ont_10929.owl,Timeout
ore_ont_10380.owl,java.util.ConcurrentModificationException
ore_ont_13846.owl,16.137,13.214,14.316,14.206,13.957,14.563,14.439,13.593,13.745,13.71,14.188,14.0815
ore_ont_2622.owl,Timeout
ore_ont_5519.owl,22.898,22.464,22.534,22.55,22.932,22.583,23.023,22.777,22.581,22.648,22.698999999999998,22.615499999999997
ore_ont_9027.owl,java.lang.OutOfMemoryError: Java heap space
ore_ont_2513.owl,Timeout
ore_ont_3658.owl,Timeout
ore_ont_9958.owl,Timeout
ore_ont_4572.owl,java.lang.NoClassDefFoundError: javax/xml/bind/DatatypeConverter
ore_ont_13591.owl,2.474,2.087,1.98,2.009,2.119,2.059,2.049,2.044,2.071,1.991,2.0883000000000003,2.0540000000000003
ore_ont_5596.owl,4.697,4.052,4.227,4.085,4.178,4.066,4.075,4.067,4.208,4.207,4.1862,4.1315
ore_ont_6682.owl,275.77,305.172,279.887,235.968,249.821,275.637,267.15,250.417,243.367,223.969,260.7158,258.7835
ore_ont_3133.owl,Timeout
ore_ont_12203.owl,Timeout
ore_ont_5475.owl,11.934,11.082,10.762,10.441,10.266,10.691,10.442,10.433,10.683,10.69,10.7424,10.686499999999999
ore_ont_4187.owl,Timeout
ore_ont_2486.owl,java.util.ConcurrentModificationException
ore_ont_4412.owl,14.681,13.292,13.561,13.919,14.384,13.111,13.097,13.0,13.172,13.517,13.5734,13.404499999999999
ore_ont_16414.owl,Timeout
ore_ont_10125.owl,java.util.ConcurrentModificationException
ore_ont_10568.owl,Timeout
ore_ont_12128.owl,Timeout
ore_ont_6233.owl,Timeout
ore_ont_1306.owl,Timeout
ore_ont_12351.owl,java.lang.OutOfMemoryError: Java heap space
ore_ont_12567.owl,java.util.ConcurrentModificationException
ore_ont_16457.owl,Timeout
ore_ont_2574.owl,Timeout
ore_ont_10750.owl,Timeout
ore_ont_3914.owl,198.499,194.714,196.607,196.291,193.473,195.818,203.36,204.418,188.915,185.301,195.7396,196.05450000000002
ore_ont_1012.owl,Timeout
ore_ont_15280.owl,Timeout
ore_ont_13482.owl,java.lang.OutOfMemoryError: Java heap space
ore_ont_7192.owl,java.lang.OutOfMemoryError: Java heap space
